FID,,,,,,,,,,,,,,,,,,,,,,,,,,
0,上海市:GDP(亿元),23560.9,21602.1,20101.3,19195.7,17166,15046.5,14069.9,12494,10572.2,9154.2,7450.3,6250.8,5408.8,4950.8,4551.2,4035,3688.2,3360.2,2902.2,2462.6,1971.9,1511.6,1114.3,893.8,756.5
1,临沧市:GDP(亿元),465.1,416.1,353,272.4,217,181.3,156.9,135.8,114.2,96.5,85.7,73.2,66,58.8,55,51.1,,,,,,,,,
2,丽江市:GDP(亿元),269.7,248.8,212.2,178.5,143.6,120.7,101.2,84.8,70.2,60.3,50.4,41.4,37,33.4,30.8,28.7,,,,,,,,,
3,保山市:GDP(亿元),503.1,449.7,380,319.6,260.9,221.7,194.1,162.4,135.5,117.4,98.1,87.3,81.1,75.9,70.4,26.8,,,,,,,,,
4,大理州:GDP(亿元),832.3,760.8,672.1,568.5,474.9,406.8,371.7,322,275.3,235.2,201.2,175.5,158.9,145.5,134.7,124.7,,,,,,,,,
5,德宏州:GDP(亿元),274.2,230.9,201,172.3,140.6,115.2,99.7,84,70.4,58.8,48.3,41.5,38.4,38.2,36.8,34.7,,,,,,,,,
6,怒江州:GDP(亿元),100.1,85.8,74.9,64.6,54.8,48.1,43.7,50,43.2,23.9,16.6,14.1,13,11.8,11.1,10.3,,,,,,,,,
7,文山州:GDP(亿元),615.9,533.4,478,401.4,329.9,284.9,244.5,208.3,173.2,148.2,124.1,100.2,87.1,78.2,70.8,62.5,,,,,,,,,
8,昆明市:GDP(亿元),3713,3415.3,3011.1,2509.6,2120.4,1808.7,1511.7,1405.1,1207.3,1061.6,942.1,812,730.1,673.1,626.3,591.9,,,,,,,,,
9,昭通市:GDP(亿元),669.5,634.7,555.6,465,379.6,320.5,272.3,226.7,195.6,167.2,145.7,121.3,112.7,108.1,40.4,37.5,,,,,,,,,
10,普洱市:GDP(亿元),477,425.4,366.9,301.2,248.1,211.7,179.9,151.5,124.7,106.6,90.2,77,66.6,59.6,53.7,48.6,,,,,,,,,
11,曲靖市:GDP(亿元),1548.5,1583.9,1400.2,1209.9,1005.6,870.9,787.6,650.4,536.8,441,342.5,281.6,254.4,231.9,213.1,200.2,,,,,,,,,
12,楚雄州:GDP(亿元),705.7,632.5,570,482.5,404.4,342.4,306,253.6,217.4,193.3,162.3,140.2,125.5,114.6,105.5,99.3,,,,,,,,,
13,玉溪市:GDP(亿元),1184.7,1102.5,1000.2,876.6,736.4,644.4,596.1,495.9,415.9,368.2,327.9,286.5,273.1,271.4,294.6,294.2,,,,,,,,,
14,红河州:GDP(亿元),1127.1,1027,905.4,780.6,650.4,560.9,514.7,429.8,360.3,308.5,250,207,178,161.7,143.8,133.3,,,,,,,,,
15,西双版纳州:GDP(亿元),306,272.3,232.6,197.7,161,138.6,122.8,107.5,90.4,78.8,68.8,58.2,52.3,48.6,46.3,44.2,,,,,,,,,
16,迪庆州:GDP(亿元),147.2,131.3,113.6,96.4,77.1,62.3,55.7,44,34.9,28,19.7,13.7,11.9,10.6,9.2,8.1,,,,,,,,,
17,乌兰察布市:GDP(亿元),  ,833.8,778.7,690,567.6,500,434.7,344,285.1,230.2,183.2,155.3,  ,  ,  ,  ,  ,  ,  ,  ,  ,  ,  ,  ,  
18,乌海市:GDP(亿元),601,570.1,531.9,488,391.1,311.2,240.1,190,152.4,125.6,91.4,67.6,51.4,43.9,38.2,33.9,30.6,26.2,21.6,18,16.8,14,9.3,7,6.5
19,兴安盟:GDP(亿元),  ,415.3,385.2,313.6,261.4,216.1,178.9,143.2,126.5,120.4,100.5,83.2,68.3,58.8,61.4,55.6,52,45.4,41.1,30.3,26.9,  ,  ,  ,  
20,包头市:GDP(亿元),3636.3,3503,3440,3005.4,2460.8,2168.8,1760,1277.2,1010.1,848.7,608.3,450.2,333,248.6,228.4,214.1,207.2,194.9,175,142.2,120,94.7,58.9,47.2,40
21,呼伦贝尔市:GDP(亿元),1522.2,1430.6,1335,1145.3,932,779.3,632.7,505,395.1,324.1,261.8,213.3,190.4,167.9,  ,  ,  ,  ,  ,  ,  ,  ,  ,  ,  
22,呼和浩特市:GDP(亿元),2894.1,2705.4,2460,2177,1865.7,1644,1316.4,1101.1,900.1,743.7,512.1,406.2,316.7,211.1,179.2,156.4,143,128,113.7,87.7,78.5,57.2,39.8,32.7,27.5
23,巴彦淖尔市:GDP(亿元),  ,834.9,783.3,718.5,603.3,509.9,439.1,341.6,217,278.2,178.4,151.4,151.4,120.3,  ,  ,  ,  ,  ,  ,  ,  ,  ,  ,  
24,赤峰市:GDP(亿元),1778.4,1686.2,1568,1347.2,1086.2,912.9,752.4,590.1,428,347.6,326.7,242.5,205.4,179.6,160.8,153.9,147.7,141.2,125.1,100.1,93.4,71.8,55.1,43.9,39.3
25,通辽市:GDP(亿元),1886.8,1781.8,1700,1448.8,1176.6,961.4,742,586.1,413,329.3,277.1,238.2,203.1,173.7,148.8,134.6,46.1,41.4,34.2,  ,  ,  ,  ,  ,  
26,鄂尔多斯市:GDP(亿元),4055.5,3955.9,3700,3218.5,2643.2,2161,1603,1150.9,800,594.8,380.4,271.4,204.8,171.8,  ,  ,  ,  ,  ,  ,  ,  ,  ,  ,  
27,锡林郭勒盟:GDP(亿元),  ,902.4,820.2,696.7,592.1,485,394.2,289.5,215.4,169.2,133.5,100.7,81.9,74.4,69.2,61.9,55.9,50.6,  ,  ,  ,  ,  ,  ,  
28,阿拉善盟:GDP(亿元),  ,443.5,425.8,392.6,305.9,245.1,181.8,111.4,64.6,86,50.3,36.6,36.6,25.1,  ,  ,  ,  ,  ,  ,  ,  ,  ,  ,  
29,北京市:GDP(亿元),21330.8,19500.6,17801,16011.4,14113.6,12153,11115,9846.8,8117.8,6886.3,4283.3,3663.1,3212.7,2845.7,2478.8,2174.5,2011.3,1810.1,1615.7,1394.9,1084,863.5,709.1,598.9,500.8
30,吉林市:GDP(亿元),2379.6,2617.4,2690,2278,1800.6,1500.5,1300.1,1008,728.8,629.7,703.7,600.1,515.1,446.4,401.2,352.1,330.8,286.8,269.6,228.9,181.5,137.6,108.3,95.5,84.6
31,四平市:GDP(亿元),1210.3,1210.3,1186,1000,779.6,658.6,596.6,475.3,380.2,330.7,279.4,231.3,200,179.4,156.6,164.4,157.8,148,132.8,116.6,100.4,68.2,52.2,44.5,41.9
32,延边州:GDP(亿元),846.4,849,765.4,652.2,534.1,450.3,379.8,307.4,245.2,212.2,194.2,171.5,155,142.5,127.4,120.5,  ,  ,  ,  ,  ,  ,  ,  ,  
33,松原市:GDP(亿元),1596.3,1650.5,1605,1360,1102.9,900.8,806.7,607.4,473.7,365.6,284.7,227.1,195.3,178,155.8,148.2,136,117.7,119.3,95.9,75.5,49.3,39.5,  ,  
34,白城市:GDP(亿元),686.2,692.4,650,530,445.2,353.4,290.7,228.6,190,152.2,137,123.4,102,83.3,73.3,70.1,58.8,60.6,59.8,46.7,48.6,34.6,8.6,7.5,6.7
35,白山市:GDP(亿元),675.3,673.6,654,545,433.2,356.6,300.4,237.5,191.9,160.5,99.2,109.9,100.3,93.6,85,78.5,73.9,67.3,61.2,51.5,45.1,34.7,26.3,22,20.4
36,辽源市:GDP(亿元),690.3,700.3,600,500.5,410.1,336.2,271.2,216.5,171.6,137.1,100.1,81.6,69.7,63.7,67.1,61.1,55.8,49.1,44.8,38,36.6,29.2,24.3,21.5,20
37,通化市:GDP(亿元),1008.5,1003.5,910,760,627.1,518,447.3,353.6,284.7,233.6,217.8,192.4,174.1,158.1,142.3,130.4,123.2,114.6,102.7,85.4,80.7,58,44.8,37.2,33.7
38,长春市:GDP(亿元),5342.4,5003.2,4506.6,4040,3329,2848.6,2561.9,2089.1,1741.2,1678.5,1535,1338,1150.2,1003,861,707.1,609.1,541.2,488.2,363,326.2,220.9,155.3,112.4,105.4
39,乐山市:GDP(亿元),1207.6,1134.8,1037.8,918.1,743.9,619,562.4,453,366.4,306.7,265.8,215.6,179.8,161.1,146,140.4,131.8,121.9,194.6,175.8,134.2,105,85.4,73.3,67.3
40,内江市:GDP(亿元),1156.8,1069.3,978.2,854.7,690.3,560.9,488.3,374.6,301.3,254.8,243.5,200.3,178.2,160.4,144.8,133.1,125.9,249.6,215.2,185.4,155.4,41,81.9,71,64.4
41,凉山州:GDP(亿元),1314.3,1214.4,1122.7,1000.1,784.2,627.1,561.1,450.6,359.6,300.2,250.6,202.4,178,160.4,144.6,134.4,  ,  ,  ,  ,  ,  ,  ,  ,  
42,南充市:GDP(亿元),1432,1328.6,1180.4,1029.5,827.8,686.3,602,508.1,396.5,335.3,307.1,250.3,219.1,200.1,176.8,158.5,146.8,134.7,115.8,102.8,83.4,62.3,9.4,8.6,7.7
43,宜宾市:GDP(亿元),1443.8,1342.9,1242.8,1091.2,870.9,720.8,645.9,529.1,428.1,370,349,291,258.3,229.4,200.7,178.6,168.2,151.1,49.7,38.3,29.6,19.1,13.2,11.3,9.6
44,巴中市:GDP(亿元),456.7,415.9,390.4,343.4,280.9,238.3,213.8,176.1,146.1,129,124.7,108.2,95.6,86.5,84,31.5,30.8,27.8,24.9,  ,  ,  ,  ,  ,  
45,广元市:GDP(亿元),566.2,518.8,468.7,403.5,321.9,270.5,233.6,208.5,166.5,145.2,127.5,104.1,94.1,87.9,86.3,85,84.5,85.5,81.4,72.9,63.1,41,31.8,27.3,25.1
46,广安市:GDP(亿元),919.6,835.1,766,659.9,537.2,450.3,404.9,338.8,281.1,246.3,217.6,176.4,154.4,138.5,126.5,116.9,117.1,  ,  ,  ,  ,  ,  ,  ,  
47,德阳市:GDP(亿元),1515.7,1395.9,1280.2,1137.4,921.3,779.9,695,648.4,539.2,462.2,424.8,355.4,315.1,286,260.1,243.5,232.8,215.2,189.6,161.7,139.8,101.5,75.7,59,50.2
48,成都市:GDP(亿元),10056.6,9108.9,8138.9,6854.6,5551.3,4502.6,3901,3324.2,2750.5,2370.8,2185.7,1870.8,1667.1,1492,1313,1190,1102.6,1007,869.3,713.7,558.4,365.8,260,204.5,174.3
49,攀枝花市:GDP(亿元),870.9,800.9,740,645.7,524,424.1,427.6,345.3,290.1,248,200.8,164.3,138.9,124.2,114.5,108.3,104.9,98.6,89.5,80.9,71.9,56.5,34.9,29.2,21.6
50,泸州市:GDP(亿元),1259.7,1140.5,1030.5,900.9,714.8,587.6,508.4,403.9,331.1,284.9,258.8,216.4,192.2,178,165.5,162,156,143.4,122.4,100.6,80.2,55.8,45.2,39.2,35.7
51,甘孜州:GDP(亿元),206.8,201.2,175,152.2,122.8,103.2,94,78.9,60,50.1,42.1,35.2,31.3,27.6,24.7,23.6,  ,  ,  ,  ,  ,  ,  ,  ,  
52,眉山市:GDP(亿元),944.9,860,775.2,673.3,552.3,465.3,412.7,343.8,280.8,245.1,216.8,174.1,149.5,134.9,124.8,116.8,  ,  ,  ,  ,  ,  ,  ,  ,  
53,绵阳市:GDP(亿元),1579.9,1455.1,1346.4,1189.1,960.2,820.2,743.2,673.5,560.8,482.5,454.9,396.6,369.7,330.1,317.9,310.5,308.7,275.2,238.5,200,163.5,114.5,79.4,66.9,56.9
54,自贡市:GDP(亿元),1073.4,1001.6,884.8,780.4,647.7,541.1,486.9,394.2,320,274,249.4,202.8,181.2,164.3,152,142.9,136.2,126,112,94.3,78.1,53.3,39.8,34.9,33.5
55,资阳市:GDP(亿元),1195.6,1092.4,984.7,836.4,657.9,534.5,467.6,374,300.1,254.8,236.9,194.5,168,153.4,142.9,40.5,38.3,34.5,25.7,  ,  ,  ,  ,  ,  
56,达州市:GDP(亿元),1347.8,1245.4,1135.5,1011.8,819.2,682.7,604,510.4,400.4,342.6,321.9,255.1,225,205.4,187.8,176.6,23,21.1,19.1,  ,  ,  ,  ,  ,  
57,遂宁市:GDP(亿元),809.6,736.6,682.4,603.4,495.2,412.1,372.7,305,240.9,206.6,193.5,159.2,140.6,128.2,118,110.8,109.5,104.5,95,82.4,60.8,39.3,32.6,29.1,26.4
58,阿坝州:GDP(亿元),247.8,234,203.7,168.5,132.8,109.6,75.6,105.1,87,75.2,62.7,51.7,45,40.2,35.3,33.5,  ,  ,  ,  ,  ,  ,  ,  ,  
59,雅安市:GDP(亿元),462.4,418,398.1,350.1,286.5,239.6,213.2,176.8,148.9,126.5,121.6,100.3,89.5,81,73.9,22,22.3,20.9,18.3,  ,  ,  ,  ,  ,  
60,天津市:GDP(亿元),15722.5,14370.2,12885.2,11191,9224.5,7521.9,6719,5252.8,4462.7,3697.6,2931.9,2447.7,2051.2,1840.1,1639.4,1450.1,1336.4,1240.4,1102.4,920.1,725.1,536.1,411.2,342.8,311
61,中卫市:GDP(亿元),297.6,287.5,250.6,213.5,169.2,135.7,119.1,92.5,75,65.9,50.5,21.5,17.8,  ,  ,  ,,,,,,,,,
62,吴忠市:GDP(亿元),385.7,351.9,307,268.3,217,185.9,173,138.8,119.6,98.1,92.2,127,96,101,91.8,78.5,,,,,,,,,
63,固原市:GDP(亿元),201,183,154,129.3,104,87.9,75.8,61.8,51.9,44.9,35.9,37.6,31,  ,  ,  ,,,,,,,,,
64,石嘴山市:GDP(亿元),467.3,446.4,410,368,298.6,270.8,228.7,169.3,129.8,109.6,89.4,69.2,57.9,55.3,50.5,44.4,,,,,,,,,
65,银川市:GDP(亿元),1388.6,1289,1140.8,974.8,769.4,578.2,514.1,408.6,335.3,288.5,189,156.8,133.5,104.8,95,87.6,,,,,,,,,
66,亳州市:GDP(亿元),883.6,791.1,700,626.7,512.8,431.9,404.2,335.6,298.7,265,224.6,183.3,172.5,164,160.1,57.3,56,56.4,47.7,  ,  ,  ,  ,  ,  
67,六安市:GDP(亿元),1095.8,1010.2,918.2,821,676.1,584,534,435.3,356.4,312.8,253.1,209.1,196.2,180.6,170.9,179.2,47.1,51.2,48.3,  ,  ,  ,  ,  ,  
68,合肥市:GDP(亿元),5180.6,4672.9,4100,3600,2701.6,2102.1,1664.8,1334.6,1073.8,853.6,589.7,485,412.8,363.4,324.7,294.5,270.5,249,211.6,167.6,131.8,97.4,71.3,59.7,58.2
69,安庆市:GDP(亿元),1544.3,1418.2,1359.7,1215.7,988.1,770.7,704.7,587.7,494.2,429.6,392,320.4,285.2,264.1,252.4,248.2,248,252.2,205.1,173.1,138.3,88.9,58.3,48.9,46.9
70,宣城市:GDP(亿元),917.6,842.8,760,671.4,525.7,432.8,411.6,332.7,287.9,251.5,235.7,203.2,182.6,168.9,160.4,173.2,203.2,  ,  ,  ,  ,  ,  ,  ,  
71,宿州市:GDP(亿元),1140.5,1014.3,910,780,650.6,540.6,511.1,424.3,359,313,279.1,219.9,207.4,193.2,178,197.5,187.2,65.2,55.8,  ,  ,  ,  ,  ,  
72,巢湖市:GDP(亿元),  ,  ,187,  ,629.7,529.4,479.3,404,344.4,301.9,294.6,248.3,222.7,205.3,190.2,208.5,55.6,54.8,48,  ,  ,  ,  ,  ,  
73,池州市:GDP(亿元),517.2,462.3,417.5,372.5,300.8,245.6,192.4,158,130.1,110.2,92.4,75.5,67,61.9,58.1,57,57.9,  ,  ,  ,  ,  ,  ,  ,  
74,淮北市:GDP(亿元),759.6,703.7,640,560,461.6,371.9,349.1,267.2,224.7,209,169.1,132.5,118.1,107.4,99,98.8,94.2,93.9,85.5,73.6,58.3,46.3,33.3,27.4,26.5
75,淮南市:GDP(亿元),789.3,819.4,800,709.5,603.6,508.8,453.6,344.2,305,263.6,214.5,170.5,152.1,134.9,126,125.8,124,123,106.4,83.5,68.3,50.3,32.8,25.4,27.7
76,滁州市:GDP(亿元),1214.4,1086.1,970.7,850,695.7,576.2,520.1,435.6,372.3,328.1,355.6,300.5,280.8,265.4,255.7,243.5,230,241.1,200.4,155.9,119.9,85.7,3.7,11.7,10.9
77,芜湖市:GDP(亿元),2309.6,2099.5,1880,1658.2,1108.6,902,749.7,582.3,479.7,400.7,345.1,284.9,245.5,218.8,200.6,193.2,186.8,164.9,132.1,100.9,75.1,52.8,38.4,31.5,31.9
78,蚌埠市:GDP(亿元),1151.2,1007.9,890,780.2,636.9,532.1,486.4,409.7,359,311.3,263.7,208.1,190.2,171.7,159.7,180.3,176.1,162.6,137.5,114.6,89.5,67.8,51.1,35,42.3
79,铜陵市:GDP(亿元),716.3,680.6,621.3,579.4,466.7,343.7,325.3,286.9,243.6,182.1,136.7,103,88.4,80.1,73.3,68.5,64.4,58,52,44.3,33.4,22.4,18.1,14.8,13.9
80,阜阳市:GDP(亿元),1189,1062.5,980,853.2,721.8,607.8,541.3,453.8,378.4,324.6,263.3,216.9,209.8,200.6,200.5,350.6,381.6,459.4,389.4,47.4,36.7,23.1,8.3,7,6.5
81,马鞍山市:GDP(亿元),1333.1,1292.8,1232,1144.2,811,665.9,636.3,532.1,428.9,371.4,265.1,192.5,154.6,138.2,126.2,123.7,117.1,123.5,109.3,94.3,80,34.8,40.6,32,28
82,黄山市:GDP(亿元),507.2,470.3,410,378.8,309.3,266.9,249.9,213.2,187.5,160,132,108.4,96.8,88.3,81.3,77.9,72.6,67.6,57.3,46.6,37.1,28.1,22.5,19.4,18
83,东营市:GDP(亿元),3430.5,3250.2,3000,2676.4,2359.9,2059,2028.3,1664.8,1450.3,1166.1,893.2,696.1,540.3,501.5,465.1,330.8,315.7,300.2,259.1,229.3,188,125.7,86.6,75.3,65.7
84,临沂市:GDP(亿元),3569.8,3336.8,3012.8,2770.5,2400,2069.1,1901.8,1660.5,1404.9,1211.8,982.5,834.6,702.1,623.2,554.6,501.6,458.8,426.8,372.6,311.8,234.4,57.8,38.4,31.1,25.9
85,威海市:GDP(亿元),2790.3,2549.7,2337.9,2111,1944.7,1733.2,1546.3,1583.5,1368.5,1169.8,960.1,836,703.5,627.1,560.9,500.8,530.7,477.6,407.1,336.7,282.4,224.2,127.4,81.5,66.8
86,德州市:GDP(亿元),2596.1,2460.6,2230.6,1950.7,1657.8,1475.1,1307.7,1180.8,1003.4,831.8,690.9,556.7,460.5,407.4,360.3,312,305.3,267.9,223.4,184.4,164.7,28.6,17.6,12,10.9
87,日照市:GDP(亿元),1611.8,1500.2,1352.6,1214.1,1025.1,864.7,774.2,629.6,505.9,426.5,352.3,311.7,261.4,234.3,209.5,185.6,175,157.1,138.3,114.5,92.4,61.5,22.9,19.5,15.7
88,枣庄市:GDP(亿元),1980.1,1830.6,1702.9,1561.7,1362,1196,1087.6,925.6,760,633.4,509.9,383.2,313.9,276.8,248.8,227.1,233.7,214.1,204,169.6,130.4,102.6,77.1,57.7,50.6
89,泰安市:GDP(亿元),3002.2,2790.7,2604,2304.3,2051.7,1715.7,1534.3,1226.1,1018.2,855.7,691.9,604.1,515.2,448,396.4,356.3,344.3,313.5,260.4,205.2,184.6,143.4,100.2,100.2,83.9
90,济南市:GDP(亿元),5770.6,5230.2,4825.1,4406.3,3910.5,3340.9,3006.8,2562.8,2185.1,1876.6,1600.3,1365.3,1200.8,1066.2,952.2,881.3,821.2,731.7,611.9,481.5,362,274.8,194.4,149.7,131.1
91,济宁市:GDP(亿元),3800.1,3501.5,3189.4,2896.7,2542.8,2238.1,2082,1736,1456.1,1266.3,1045.5,882.6,743.5,650,578.4,528.7,515.5,480.6,432.2,368.2,264.4,202.8,141.7,110.1,98.4
92,淄博市:GDP(亿元),4029.8,3801.2,3557.2,3280.2,2866.8,2445.3,2291,1945,1645.2,1431,1147.1,1003.4,780,702.1,642.2,568,536,498.8,469,404.5,333.1,273.8,171.9,124.5,106
93,滨州市:GDP(亿元),2276.7,2155.7,2015,1817.6,1551.5,1355,1239.1,1030.3,833.7,667.3,530.5,406.5,340.6,306.5,270,238.1,48.5,43.5,40.8,  ,  ,  ,  ,  ,  
94,潍坊市:GDP(亿元),4786.7,4420.7,4012.4,3541.8,3090.9,2707.2,2475.6,2056,1720.9,1471.2,1199.1,1030,895,802,714.6,647.3,774,718,630,530,419.1,337.3,215.7,166.3,144.3
95,烟台市:GDP(亿元),6002.1,5613.9,5281.4,4906.8,4358.5,3701.8,3409.2,2880,2405.8,2012.5,1631,1316,1115,979.5,879.6,800.7,740,725,650.3,575.7,448,364.9,232,157.6,137.6
96,聊城市:GDP(亿元),2516.4,2365.9,2145.7,1919.4,1622.4,1378.4,1250.3,1025.4,841.3,693.1,552.4,454.2,375.5,318.5,280.8,253.7,235.4,  ,50.1,  ,  ,  ,  ,  ,  
97,莱芜市:GDP(亿元),687.6,653.5,630,611.9,546.3,471.3,466,367.3,292,256.3,212.1,170.1,141.9,125.4,110.4,99.1,106.3,94.5,84.3,69.2,66.1,44.4,27,  ,  
98,菏泽市:GDP(亿元),2222.2,2050,1770,1556.5,1227.1,957.3,842.1,686,539.6,450.9,370.4,290.1,249.8,225.7,208.6,189.9,42.6,40.6,42.5,  ,  ,  ,  ,  ,  
99,青岛市:GDP(亿元),8693.1,8006.6,7302.1,6615.6,5666.2,4890.3,4436.2,3786.5,3206.6,2695.5,2163.8,1780.4,  ,  ,  ,  ,  ,  ,  ,  ,  ,  ,  ,  ,  
100,临汾市:GDP(亿元),1213.2,1223.9,1221.1,1135.1,890.1,766.9,754.6,658.1,588.7,523.2,375.9,295.3,223.9,192.4,171.1,38.9,35.9,32.2,28.1,  ,  ,  ,  ,  ,  
101,吕梁市:GDP(亿元),1101.4,1228.6,1230.4,1130.7,845.5,611.6,629.6,507.7,405.8,309.5,241,135,107.2,90,85.4,  ,  ,  ,  ,  ,  ,  ,  ,  ,  
102,大同市:GDP(亿元),1001.7,967.4,931.4,842.6,695.9,596.3,569.6,490.9,406,370.3,304.7,251.5,218.4,190.2,170.2,157,170.9,155.7,145.5,123.1,106.6,88.1,51.5,45,39.6
103,太原市:GDP(亿元),2531.1,2412.9,2311.4,2080.1,1778.1,1545.2,1468.1,1254.9,1013.7,893.2,640.5,515.7,432.9,386.3,347.5,332.7,323.1,310.4,291.8,240.1,190.6,148.8,117,97.2,86.8
104,忻州市:GDP(亿元),680.3,654.7,620.9,554.5,437.5,349.3,311.3,257.3,194.5,167.2,130.2,109.4,93.4,84.4,83.4,18.1,18.6,16.6,16,  ,  ,  ,  ,  ,  
105,晋中市:GDP(亿元),1042.3,1022.2,985.9,890.2,763.8,636.8,567.8,470.2,385.7,331,253.9,203.4,170.1,149,138.4,  ,  ,  ,  ,  ,  ,  ,  ,  ,  
106,晋城市:GDP(亿元),1035.9,1031.9,1011.6,895,730.5,606.1,527.6,420,364.4,316,244.5,198.5,172,158,144.5,133.6,140,127.1,115.6,94.5,75.3,60.8,39,25.9,23.4
107,朔州市:GDP(亿元),1003.4,1026.4,1007.1,855.2,670.2,561.3,420.4,332.2,234.1,181.7,145.2,118.6,100.4,85.4,83.5,77,83,75,64.6,53.1,47.2,35.5,15.6,13.4,12.3
108,运城市:GDP(亿元),1201.6,1140.1,1068.7,1016.8,827.4,723,691.5,619.5,550.2,470.8,368.3,293.6,230.5,193.5,171.9,30,23.8,26.3,23,  ,  ,  ,  ,  ,  
109,长治市:GDP(亿元),1331.1,1333.7,1328.6,1218.6,920.2,775.3,682.1,550.6,460.4,398.8,318.5,255.7,206,184.6,170.2,153.5,151.6,138.4,123.7,97.6,78.2,61.4,48.1,41.1,37.1
110,阳泉市:GDP(亿元),616.6,611.8,602,528.1,429.4,348.7,310.7,273.2,237.4,200.3,151.5,125.9,109.2,100.4,94.7,91,93.9,88.1,78.7,61.8,48.8,41.1,32.9,25.1,23.9
111,东沙群岛,,,,,,,,,,,,,,,,,,,,,,,,,
112,东莞市:GDP(亿元),5881.3,5490,5010,4735.4,4246.5,3763.9,3702.5,3151.9,2626.5,2181.6,1155.3,948,672.9,578.9,489.7,412.8,355.5,294.7,245.1,205.6,154.5,115,84.5,74.8,64.6
113,中山市:GDP(亿元),2823,2638.9,2441,2190.8,1850.7,1566.4,1408.5,1238.1,1036.3,880.2,610.1,501.4,415.7,362.5,312.8,272.7,249,221,181.2,155.2,130,98,71.4,52.7,43.6
114,云浮市:GDP(亿元),664,602.3,540.5,492.1,401,344.5,319.9,271,244.2,213.7,257.6,214.7,192,180.2,169.4,172.1,164,155.7,146.2,129.2,121.2,  ,  ,  ,  
115,佛山市:GDP(亿元),7441.6,7010.2,6709,6580.3,5651.5,4820.9,4333.3,3605.1,2928.2,2383.2,1656.5,1381.6,1175.9,1103.9,957.2,833.8,782.6,724.6,637.4,545.9,436.4,347.1,239.3,166.6,125.5
116,广州市:GDP(亿元),16706.9,15420.1,13551.2,12303.1,10604.5,9112.8,8215.8,7050.8,6068.4,5115.8,4115.8,3466.6,3001.7,2684.8,2383.1,  ,  ,  ,  ,  ,  ,  ,  ,  ,  
117,惠州市:GDP(亿元),3000.4,2678.4,2367.6,2097.3,1730,1414.7,1290.4,1105,935,803.4,685.1,591,525.2,480.4,440.4,392.4,356,322.9,271.8,230.4,180.1,133,84.1,61.4,48.8
118,揭阳市:GDP(亿元),1780.4,1605.4,1380.2,1228.2,1009.5,816.1,725,585.9,486.8,420.5,540.5,487.8,442.1,411.5,389.4,383.6,361.1,309.9,254.3,209.7,151.2,89.5,62.7,  ,  
119,梅州市:GDP(亿元),885.8,800,746,733.2,612.9,519.3,477.9,410.6,349.2,314.5,271.6,227,204.7,189.6,175.9,161.5,152.3,144.3,138.4,127.5,110.5,85.3,61.6,47.9,42.2
120,汕头市:GDP(亿元),1717.5,1566.9,1416,1404.4,1210,1036.9,975.8,851.1,738.4,652.4,604.8,528,484.2,464.8,478,455.6,424.2,374.5,314.7,262.8,197.7,125,87,134.1,112.4
121,汕尾市:GDP(亿元),717,671.8,610.4,550.2,465.1,390,350.2,291.3,247.6,211,212.3,186.9,168.7,155.3,144.6,133,118.1,103.3,92.8,77.1,61.8,45.3,30.9,25.7,22.5
122,江门市:GDP(亿元),2083.8,2001.2,1911.1,1831.6,1571.4,1341.9,1281.6,1108.1,942.9,806.4,835.6,731.1,661.8,616.2,568.5,515.7,482.9,458.9,430.1,380.4,279.7,203.6,143.3,111.4,94.1
123,河源市:GDP(亿元),769,680.3,615.3,571.9,475.1,405.5,394.1,328.1,264.3,204.9,173.1,136.9,116.3,102.3,91.3,85.5,79.4,75.5,68.6,60.8,51.1,38,29.9,23.6,22.2
124,深圳市:GDP(亿元),16001.8,14500.2,12950.1,11502.1,9510.9,8201.2,7806.5,6765.4,5684.4,4926.9,3422.8,2860.5,2239.4,1954.2,1665.2,  ,  ,  ,  ,  ,  ,  ,  ,  ,  
125,清远市:GDP(亿元),1197.7,1093,1025,1286.2,1088.2,861.6,746.6,594,432.2,323,248.3,196.8,171.4,161.9,155.2,144.4,136.9,139.6,134.9,125.8,100.5,80.5,59.2,46.4,41.9
126,湛江市:GDP(亿元),2259,2060,1900,1708.2,1405.1,1156.7,1048.7,892.6,770.2,658.1,608.2,521,463.8,434.9,407.9,379.7,359.3,348.6,321.2,282.7,226.7,164.2,127.6,109.9,95.6
127,潮州市:GDP(亿元),850.2,780.3,706.5,647.1,559.2,480.2,442.8,380.2,330,287.6,256.9,236.5,215.2,205.1,198.1,183.7,170.1,151.5,130.2,101.3,84.5,65.1,48.9,27.2,23.6
128,珠海市:GDP(亿元),1867.2,1662.4,1504.1,1403.2,1208.6,1038.7,992.1,895.9,747.7,635,546.3,473.3,406.3,366.6,330.3,286.6,263.5,235.2,207.3,199.1,165.7,121.9,94.3,60.5,41.2
129,肇庆市:GDP(亿元),1845.1,1660.1,1473.8,1323.3,1085.9,862,715.9,592.2,516.1,450.6,548.5,466.4,450.2,411,383.4,392.4,362,331.1,288.6,241.7,184.3,227,150.5,110.7,92.4
130,茂名市:GDP(亿元),2349,2160.2,1936.2,1780.3,1492.1,1231.3,1217.8,1024.6,923.1,808.2,750.3,657.3,592.6,540.2,491.1,457.2,427.5,396,350.7,296.9,219.6,164.1,107.2,87.1,73.8
131,阳江市:GDP(亿元),1168.6,1039.8,880,779,639.8,527.3,483.8,407.9,339.3,295.3,273.9,232.9,205.4,185.5,169.5,153.8,141.7,126.5,117.5,104.7,89.5,61.8,43.5,32.4,28.1
132,韶关市:GDP(亿元),1113.5,1010.1,906.5,814,683.1,578.8,545.9,471.7,400.6,339.9,312.8,268,235.6,219.2,201.5,196.7,182.1,173.3,160.4,144.6,120.3,94.8,71.1,61.8,53.3
133,北海市:GDP(亿元),856.5,735,630.8,496.6,397.6,317.7,313.9,246.6,199.6,181.6,161.9,140.1,136.2,123.4,113.7,107.7,102.6,112,97.1,89.9,76.9,55.2,32.7,21.2,17.5
134,南宁市:GDP(亿元),3148.3,2803.5,2503.2,2211.5,1800.3,1524.7,1316.2,1069,870.2,723.4,588.9,502.5,356.1,324.8,294.3,274.6,258.6,231.6,202.2,174.9,136.1,94.9,62.5,54,50
135,崇左市:GDP(亿元),649.7,584.6,530.8,491.3,392.4,304.4,264.8,231.9,194,151.1,128.7,106.5,101.5,  ,  ,  ,  ,  ,  ,  ,  ,  ,  ,  ,  
136,来宾市:GDP(亿元),551.1,515.6,519,511.6,404.9,299.4,271.6,245.3,203.5,170,145.2,119.2,104.4,  ,  ,  ,  ,  ,  ,  ,  ,  ,  ,  ,  
137,柳州市:GDP(亿元),2208.5,2010.1,1820.6,1571.1,1315.3,1046.1,909.9,755.1,622.3,517.5,403.8,326.7,230.3,207,184.5,175.2,166.2,163.5,143.1,142.1,103,85.7,60,48.2,41
138,桂林市:GDP(亿元),1826.3,1657.9,1492.1,1336.1,1103.6,940.5,883,744.3,607,536.9,454.8,388.3,357.8,329.8,300.2,276.3,257.7,104.7,88.2,70.1,52,41.2,30.4,24.1,20.6
139,梧州市:GDP(亿元),1062,991.7,885,735.2,579.3,453.7,400.1,319.6,270.4,228.4,195.5,162,153.2,139.1,127.1,115.8,112,147.6,57.7,47.2,38,27.2,19.6,15.4,13.8
140,河池市:GDP(亿元),601.2,528.6,497,518.1,468.7,382.8,367.3,319.3,248.9,207,174.4,143.3,144.6,27.1,25.2,23.8,23.6,22.1,19.2,  ,  ,  ,  ,  ,  
141,玉林市:GDP(亿元),1341.5,1198.5,1120.5,1032.5,840.3,683.5,605.9,506,415.1,356.3,299.9,244.8,225.6,210.9,198.9,191.2,187.4,241.2,72.2,64.9,59.8,39,20.6,15.5,12
142,百色市:GDP(亿元),918,803.9,755.2,664.1,563.5,452.9,416.2,350.4,297.3,239.4,206.2,162.5,144.2,27.8,25,22.5,25.1,22.7,19.5,  ,  ,  ,  ,  ,  
143,贵港市:GDP(亿元),805.4,742,690.1,634.4,544.7,437.7,398.5,338,265.2,227,164.8,134.4,126.3,119.7,108.6,103.5,101.7,103.7,100.5,53.7,38.4,26.7,16.6,13.8,12.3
144,贺州市:GDP(亿元),449,423.9,393.9,354.5,296.9,249.2,252.8,239.2,189.7,164.3,140,115,110.3,47.4,43.8,40.4,54.5,53.6,54.5,  ,  ,  ,  ,  ,  
145,钦州市:GDP(亿元),855,753.8,724.5,734.4,520.7,396.4,377.4,303.9,245.1,205.5,174.7,155.3,154.7,144.1,132.4,123.9,122.7,127.3,112.3,92.5,64.5,22.3,16.4,11.3,9.1
146,防城港市:GDP(亿元),588.9,525.2,457.5,419.8,320.4,251,212.2,159.3,119.6,94.8,84.6,72,69.3,62.7,57.5,54.6,52,48.2,39.7,32.1,26.1,16.8,  ,  ,  
147,乌鲁木齐市:GDP(万元),24614698,22028545,2060,1690,1338.5,1094.5,1020.4,820.3,654.3,562.5,484.3,408.6,354.4,315,275,248.8,,,,,,,,,
148,五家渠市,,,,,,,,,,,,,,,,,,,,,,,,,
149,伊犁州:GDP(万元),15620784,14350077,12519627,1091.8,891.4,754.8,664.3,527.2,440.4,374.5,312.9,276.6,242.8,219.4,2002483,  ,,,,,,,,,
150,克孜勒苏州:GDP(万元),892437,778395,610309,480250,38,30,27.6,23.7,19.7,17.5,14.3,12.5,10.8,9.8,79632,  ,,,,,,,,,
151,克拉玛依市:GDP(万元),8476725,853.1,810,800,711.4,480.3,661.2,515.1,473.3,385.7,296.2,216.3,170.5,167.6,138.6,102,,,,,,,,,
152,博尔塔拉蒙古自治州,,,,,,,,,,,,,,,,,,,,,,,,,
153,吐鲁番地区:GDP(万元),2600194,2608927,2433907,217.5,185.3,158,206.7,172,145.8,119.8,97.6,86.6,735233,  ,598400,  ,,,,,,,,,
154,和田地区:GDP(万元),1984208,1716493,1472873,126.6,100.6,84.8,74.5,63.7,55.3,48.8,43,37,33.7,29.5,27.1,  ,,,,,,,,,
155,哈密地区:GDP(万元),4021829,3339310,2682518,217.8,166,130.1,126.9,92,77.6,68.6,52,47.7,40.1,36.5,33.8,31,,,,,,,,,
156,喀什地区:GDP(万元),6884030,6173033,5173492,420.2,3599718,326.4,277.6,216.5,164,136,119.6,105.1,92.4,87.1,74.3,68.5,,,,,,,,,
157,图木舒克市,,,,,,,,,,,,,,,,,,,,,,,,,
158,塔城地区,,,,,,,,,,,,,,,,,,,,,,,,,
159,巴音郭楞州:GDP(万元),11187864,10169959,9075401,800,638,530,587,468,410,325,227,189,148.5,  ,1348986,  ,,,,,,,,,
160,昌吉回族自治州,,,,,,,,,,,,,,,,,,,,,,,,,
161,石河子市:GDP(万元),2928469,2553304,2081934,1705948,1349995,1083626,909686,732468,618382,537455,446120,  ,324136,  ,253584,  ,,,,,,,,,
162,阿克苏地区:GDP(万元),7498888,6926045,6121381,362.9,282.2,237.5,207.6,174.5,150.1,130.7,118.3,102.6,90,79.8,72,64.9,,,,,,,,,
163,阿勒泰地区:GDP(万元),2256160,2109364,1881090,162.9,134.9,117.4,117.7,99.3,80.6,60.5,525880,45.5,39.2,  ,315090,  ,,,,,,,,,
164,阿拉尔市,,,,,,,,,,,,,,,,,,,,,,,,,
165,南京市:GDP(亿元),8820.8,8011.8,7200,6145.5,5130.7,4230.3,3775,3283.7,2773.8,2411.1,1910,1576.3,1297.6,1150.3,1021.3,899.4,825.1,755.1,674.9,576.5,466.9,339.5,246.9,185.5,160.9
166,南通市:GDP(亿元),5652.7,5038.9,4558.7,4100,3465.7,2872.8,2510.1,2111.9,1758.3,1472.1,1226.1,1006.7,887.3,809.3,736.4,670.4,624.5,577.5,530.4,466.5,345.2,251.2,180.5,141.6,127.5
167,宿迁市:GDP(亿元),1930.7,1706.3,1516.8,1304.8,1064.1,826.9,655.1,542,454.2,375.9,335.6,278.2,247,223.2,200.7,182,165.5,144.7,124.9,  ,  ,  ,  ,  ,  
168,常州市:GDP(亿元),4901.9,4360.9,3969.8,3580.4,3044.9,2519.9,2202.2,1881.3,1569.5,1303.4,1100.6,901.4,760.6,672.9,600.7,538.7,504.6,470.1,431.2,369.7,314.9,223.9,144.4,102.2,94.9
169,徐州市:GDP(亿元),4963.9,4435.8,4000,3600,2942.1,2390.2,2007.4,1679.6,1428.8,1212.2,1095.8,905.8,791.4,715.7,644.5,600,555.2,515,500,410.7,31.9,209.7,148.2,119,107
170,扬州市:GDP(亿元),3697.9,3252,2933.2,2630,2229.5,1856.4,1573.3,1311.9,1100.2,922,788.1,647.2,558.9,505.5,472.1,427,401.6,376.7,351.2,605,470.4,319.1,226,168.8,158.2
171,无锡市:GDP(亿元),8205.3,8070.2,7568.2,6880.2,5793.3,4991.7,4419.5,3858.5,3300.6,2804.7,2350,1901.2,1580.7,1360.1,1200.2,1138,1052,960,870,761.1,607.2,441.4,288.1,184.8,160.4
172,泰州市:GDP(亿元),3370.9,3006.9,2701.7,2422.6,2048.7,1660.9,1394.4,1201.8,1002.3,822.3,705.2,580,504.6,450,405.3,368.9,342.1,317.8,293.7,  ,  ,  ,  ,  ,  
173,淮安市:GDP(亿元),2455.4,2155.9,1905,1668,1388.1,1121.8,915.8,765.2,651.1,561.8,501,420.6,375,329,291.1,49.6,44.5,40.6,36.4,277.1,227.3,160.4,126.4,102.3,102.2
174,盐城市:GDP(亿元),3835.6,3475.5,3120,2771.3,2332.8,1917,1603.3,1371.3,1174.3,1004.9,871.4,743.4,673.3,603.2,548.6,500.2,464.7,421.5,381.2,324.1,229.6,167.1,127.9,110.3,102.5
175,苏州市:GDP(亿元),13760.9,13015.7,12000,10500,9228.9,7740.2,6701.3,5700.9,4820.3,4026.5,3450,2801.6,2080.4,1760.3,1540.7,1358.4,1250,1132.6,1002.1,903.1,720.9,526,359.7,235.1,202.1
176,连云港市:GDP(亿元),1965.9,1785.4,1603.4,1410.5,1193.3,941.1,750.1,618.2,527.4,456,416.4,344.9,350.2,315.8,291.1,285,264.7,238.5,210.2,155.2,116.6,77.4,60.2,52.8,49.3
177,镇江市:GDP(亿元),3252.4,2927.3,2630.1,2310.4,1987.6,1672.1,1408.1,1206.7,1021.5,871.7,781.2,640.5,560.9,502.7,452,416.5,390.6,360.5,335.1,285.9,220.5,153.2,101.9,72.1,65.3
178,上饶市:GDP(亿元),1550.2,1401.3,1306,1110.6,901,728.5,628.3,528.1,451.4,388.1,301.1,252.8,218.5,190.9,173.4,22.8,17,15.2,12.8,  ,  ,  ,  ,  ,  
179,九江市:GDP(亿元),1780,1601.7,1420.1,1256.4,1032.1,831.4,700.6,592.6,506.2,428.9,356.8,306.8,263.4,232.6,213.1,192,170.5,192.8,170.1,143.1,110.7,78.8,60.9,46.4,39.8
180,南昌市:GDP(亿元),3668,3336,3000,2560,2200.1,1837.5,1660.1,1389.9,1183.9,1007.7,770.5,641,552.4,485.6,435.1,399.8,380,360,301,240.1,179.1,119.4,87.4,65.7,60.6
181,吉安市:GDP(亿元),1242.1,1123.9,1006,879.1,720.5,584.1,505,406,351.8,303.1,242.9,206.7,180,164.9,155.9,20.1,18.9,17.6,17.1,  ,  ,  ,  ,  ,  
182,宜春市:GDP(亿元),1523,1387.1,1250,1078,870,700.2,615,508.9,439.7,372.2,289.5,249.5,221.4,204.1,185.6,30.5,29.8,27.2,23.3,  ,  ,  ,  ,  ,  
183,抚州市:GDP(亿元),1036.8,940.6,825,742.5,630,502.9,434.1,367.9,313.6,262,204.2,168.4,149.2,135.6,125.1,  ,  ,  ,  ,  ,  ,  ,  ,  ,  
184,新余市:GDP(亿元),900.3,845.1,840,779.2,631.2,484.2,402.3,280.8,214.3,177.3,134,109.1,90,73,64.9,60,56.6,52.2,50.1,49.1,42.5,29.8,21.4,16.8,14.2
185,景德镇市:GDP(亿元),738.2,680.3,630,564.7,461.5,364,322,261.9,224.8,193.1,165.1,140.7,116.3,104.3,95.3,87.6,81.3,73.5,64.8,54.1,42.7,30.9,24.9,20.9,18.9
186,萍乡市:GDP(亿元),865,798.3,733.1,658.2,520.4,421.5,387.6,316.3,265.5,228.1,172.6,142.9,120.4,108.5,99.5,92,84,74.5,65.2,54,40.5,28.6,22.9,16.1,13.5
187,赣州市:GDP(亿元),1843.6,1673.3,1500,1336,1119.7,940.6,834.9,702,582.7,500.1,398,345.1,309.2,284.6,266.2,250.5,  ,35.4,30.2,  ,  ,  ,  ,  ,  
188,鹰潭市:GDP(亿元),607,553.5,482,426.7,344.9,256.8,256.6,220.2,143.2,123.5,96.4,79.7,65.7,58.8,54,42,38.9,39.5,35.8,31.6,24.8,14.8,12,11,10
189,保定市:GDP(亿元),3035.2,2904.3,2720.9,2450,2050.3,1730,1580.9,1375.2,1200,1072.1,1110.9,924.8,823.5,747.3,702.2,636.6,594,545.1,460.4,375.4,90.4,64.4,46.8,38.2,33.5
190,唐山市:GDP(亿元),6225.3,6121.2,5861.6,5442.4,4469.2,3812.7,3561.2,2779.4,2362.1,2027.6,1626.3,1295.3,1102.3,1006.5,915.1,832.6,781.2,710.9,607.3,498.6,386.5,273.4,189.2,141.9,121.8
191,廊坊市:GDP(亿元),2176,1943.1,1794.3,1612,1351.1,1147.5,1051.5,883.9,729.9,621.2,604.8,528.6,460,413.4,368.8,332.5,310.2,282.1,245.6,201.7,150.8,99.5,81.9,64.4,58
192,张家口市:GDP(亿元),1349,1317,1233.7,1125,966.4,800.3,720.4,566.3,484.2,415.8,400.1,319.9,278.4,258,243.9,229.5,228.3,217.3,193.7,159.5,125.5,84.6,39.9,30.4,28
193,承德市:GDP(亿元),1342.6,1272.1,1181.9,1100.8,889,760.1,714.9,553.5,428,360.3,300.6,235,200,182.4,163,158.5,160.3,141.9,122.3,97.8,83.3,62.1,20,16.4,14.9
194,沧州市:GDP(亿元),3133.4,3013,2812.4,2600,2203.1,1801.2,1716.2,1465.4,1281.7,1130.8,774.1,628.9,531.3,487.2,461.3,422.5,403,369.5,316.2,251,169.8,122.3,24.2,20.2,17.7
195,石家庄市:GDP(亿元),5170.3,4863.7,4500.2,4082.6,3401,3001.3,2838.4,2360.7,2026.6,1786.8,1633.5,1377.9,1186.8,1085.4,1003.1,908.4,845.9,781.4,656.4,540.3,417.4,282.5,113.8,84.4,73.5
196,秦皇岛市:GDP(亿元),1200,1168.8,1139.4,1064,930.5,804.5,809,683.6,552.1,491.2,453.4,387,335.7,307.3,285.4,263,249.5,230.7,201,172.2,139.3,97.7,68.9,56.4,46.7
197,衡水市:GDP(亿元),1149.1,1070.2,1011,929,781.8,652.1,633.8,558.4,547,519.7,473.8,396.8,348.9,  ,298.6,279.2,266.2,242.4,207.2,27.2,19.1,11.5,8.7,7.5,6.1
198,邢台市:GDP(亿元),1646.9,1604.6,1532,1426.3,1212.1,1056.3,989,890.8,790.9,680.8,635.6,514.6,439.4,406.3,370.4,339.3,320.1,290.9,256.1,200.5,151.9,102,24,20,18.9
199,邯郸市:GDP(亿元),3080,3061.5,3023.7,2787.4,2361.6,2015.3,1990.4,1608.1,1359.5,1157.3,936.5,762.6,653.2,591.7,542.4,497,479.2,441.1,380.7,289.9,222.7,171.3,70,55.5,50.8
200,三门峡市:GDP(亿元),1240.1,1192.1,1148.8,1062.9,874.4,702.8,654.2,518.4,412.2,335.2,274.7,224.6,197.2,181.2,168.6,152.1,144.8,130.9,113.7,92.7,72.8,50.1,36,29.8,28.4
201,信阳市:GDP(亿元),1757.3,1581.2,1397.3,1276.8,1091.8,929,866.8,699,588.4,508.6,434.3,347.1,311.9,263.7,261.1,239,228.9,25.8,22.3,  ,  ,  ,  ,  ,  
202,南阳市:GDP(亿元),2675.6,2499.2,2340.7,2228.8,1953.4,1714.5,1636.4,1376.3,1203.1,1053.4,893.3,724.2,625.1,576.3,519.7,484.9,465.9,439,375.4,306.6,215,  ,  ,  ,  
203,周口市:GDP(亿元),1989.8,1790.7,1574.7,1414.7,1228.3,1065.4,984.1,798.5,677.7,595.5,522,403.5,413.6,373.4,341.5,26.1,24.7,23.4,19.6,  ,  ,  ,  ,  ,  
204,商丘市:GDP(亿元),1697.6,1538.2,1418.3,1317.9,1143.8,995.6,931.4,765.7,651,560.8,455.8,339.8,342.7,318.4,285,260.2,240.6,224.9,22.5,18.4,13.8,8.1,6.2,4.9,4.3
205,安阳市:GDP(亿元),1791.8,1683.7,1593,1486.6,1315.6,1124.9,1053.1,807.8,646,557.5,463.5,361.8,312.6,279.8,256,231.3,221.3,217.6,213.5,189.1,151.6,109.1,79,62.4,53.7
206,平顶山市:GDP(亿元),1637.2,1556.9,1495.8,1539.4,1310.8,1127.8,1067.7,821.2,675.4,561,469.8,365.7,321.5,295.3,271.5,249.5,239,225.8,237.2,188.8,149.9,111.9,87,73.3,66.1
207,开封市:GDP(亿元),1492.1,1363.5,1212.2,1093.6,927.2,778.7,689.4,555.4,475.3,408,345.7,282.1,269.9,252.4,226.2,199.2,188.6,175.7,155,123.3,86.7,64.5,54,49.3,44.1
208,新乡市:GDP(亿元),1917.8,1766.1,1619.8,1501,1189.9,992,949.5,779.7,640,544.2,461.5,379,340.5,308.7,280.9,263.2,256.1,247,264.7,210.3,155.3,111.1,81.9,67.7,59.9
209,洛阳市:GDP(亿元),3284.6,3140.8,3000,2717,2320.3,2001.5,1919.6,1595.3,1333.7,1112.4,905.2,686.3,535,465.2,422.8,377.5,364.8,335,292.8,245.1,193.8,152.2,104.3,82.7,73
210,漯河市:GDP(亿元),941.2,861.5,797.1,751.7,680.5,591.7,550.3,437,380.3,322.1,279.6,221.6,200.8,182.3,164.3,146.9,136.6,126.1,110,86,60.5,39.2,30.3,25.9,22.4
211,濮阳市:GDP(亿元),1253.6,1130.5,980,929.5,775.4,661.6,657.3,526.1,456.2,384,317.4,265,237.1,219.5,203.9,217.9,170.6,165,148.5,122.5,99.3,82.7,55.9,44.7,39
212,焦作市:GDP(亿元),1844.3,1707.4,1576.3,1469.4,1245.9,1071.4,1031.6,856,699.1,584,455.7,341.4,287.6,256.7,228.6,211.7,250.8,246.4,236.3,228.1,168.7,124.9,86,69.5,61.3
213,许昌市:GDP(亿元),2087.2,1877.6,1716.2,1588.7,1316.5,1130.8,1062.1,855.4,718.5,605.5,515.8,411.7,362.8,326.2,291.4,259.2,242.9,222.1,170.7,126.1,99.1,72.4,57.1,49.4,44.9
214,郑州市:GDP(亿元),6777,6201.9,5547,4912.7,4040.9,3308.5,3004,2486.8,2013.5,1660.6,1377.9,1102.3,928.3,828.2,738,640.9,620.3,574.4,504.5,389.9,293,200.5,146.8,119.6,106.3
215,驻马店市:GDP(亿元),1691.3,1542,1373.6,1259.9,1053.7,900.5,813,667.5,571.9,500.4,445.8,345.7,331.7,305.6,280.1,34.4,32.1,29.7,25.3,  ,  ,  ,  ,  ,  
216,鹤壁市:GDP(亿元),682.2,622.1,562,500.5,429.1,363.6,328.2,274.4,221.7,186.2,156.3,122.3,105.1,94.8,85.3,77,73.2,70,66.7,54.8,40.4,28.9,19.9,15.5,13
217,丽水市:GDP(亿元),1051.8,983.1,894.1,784.4,663.3,546.6,505.7,433.9,355.4,306,264.6,220.3,185.1,159,136.8,25.2,23.5,22.8,20.3,  ,  ,  ,  ,  ,  
218,台州市:GDP(亿元),3387.4,3153.3,2927.3,2794.9,2426.5,2040.5,1965.3,1721.8,1463.3,1251.8,1173.8,995,858.3,747.6,675,605,554.6,509.1,486.6,408.2,268.8,  ,  ,  ,  
219,嘉兴市:GDP(亿元),3352.6,3147.7,2885,2668.1,2300.2,1918,1815.3,1585.3,1346.7,1159.7,1050.6,858,706.4,604.3,541,471.9,445,419.8,381.7,321.3,256,178.1,113.3,91.3,81.3
220,宁波市:GDP(亿元),7610.3,7128.9,6524.7,6059.2,5163,4329.3,3946.5,3418.6,2874.4,2447.3,2109.5,1749.3,1453.3,1278.8,1144.6,1017.1,952.8,879.1,784.1,602.7,459.7,315.1,213.1,169.9,141.4
221,杭州市:GDP(亿元),9206.2,8343.5,7804,7011.8,5949.2,5087.6,4781.2,4100.2,3441.5,2942.7,2515,2099.8,1781.8,1568,1382.6,1225.3,1134.9,1036.3,906.6,762,585.5,394.8,267.9,208.6,178
222,温州市:GDP(亿元),4303.1,4003.9,3650,3350.9,2925,2527.3,2424.3,2158.9,1837.5,1596.4,1402.6,1226.4,1061,932.1,828.1,733.2,677.2,605.8,510.1,403.6,296.8,196.5,126.9,92.9,77.9
223,湖州市:GDP(亿元),1956,1803.2,1662,1518.8,1301.7,1101.8,1034.9,892,761,644.3,590.7,490.8,422.5,385,377.9,342.6,324.5,296.2,267.9,227.3,187,128.4,79.2,60.5,55
224,绍兴市:GDP(亿元),4265.9,3967.3,3654,3291.2,2795.2,2375.8,2223,1972.1,1677.6,1447.5,1313.9,1089.3,928.2,822.5,779.8,705.1,651.3,594.6,513.7,411.2,307.8,200.8,127.3,98.2,82.4
225,舟山市:GDP(亿元),1015.3,930.9,852,765.3,644.3,535.2,490.3,408.4,335.2,280.2,212,172.3,146,126.7,114,101.4,93.6,89.2,82.6,73.5,59.7,41.3,34.1,28.9,24.6
226,衢州市:GDP(亿元),1115.1,1056.6,982.8,890.3,755.5,626.6,580.1,478.5,387.4,329.1,283.8,233.7,200.3,176.3,161.9,147.5,140.8,133.4,130.2,114.5,87.4,64,45.6,40.2,33.7
227,金华市:GDP(亿元),3208.2,2958.8,2700.1,2447.7,2110,1776.1,1681.9,1465.7,1234.7,1063.5,978.4,801.6,680.4,597.3,546.5,500,484.5,462,425,340.8,253.5,158.5,99.1,77.2,67.8
228,万宁市:GDP(亿元),152.3,146.9,135,113.1,98.1,76.8,68.4,55.3,43.4,40.8,39.5,34,31.9,29,28,26.6,25,23.6,22.2,,,,,,
229,三亚市:GDP(亿元),402.3,373.2,330.8,284.6,230.9,173.3,144.3,122.3,109.3,74.2,48.2,41.2,35.9,31.9,29.5,25.6,24,22.1,21.3,,,,,,
230,东方市:GDP(亿元),134.5,123.9,114,95.4,73.6,63.4,69.3,57.3,43.6,39.5,34.7,27.5,25,21.5,20.1,17.2,16.2,14.9,  ,,,,,,
231,临高县,,,,,,,,,,,,,,,,,,,,,,,,,
232,乐东黎族自治县,,,,,,,,,,,,,,,,,,,,,,,,,
233,五指山市:GDP(亿元),21.1,18.3,16.6,15.9,14.2,11.1,10.3,7.9,6.9,6,  ,  ,  ,  ,  ,  ,  ,  ,  ,,,,,,
234,保亭黎族苗族自治县,,,,,,,,,,,,,,,,,,,,,,,,,
235,儋州市:GDP(亿元),439.9,448.9,176.3,142.8,114.6,109.3,103.6,87.2,71.8,72.2,71.1,63.1,61.7,57.7,56.2,51.5,49.2,42.6,40.1,,,,,,
236,定安县:GDP(亿元),69.5,61.8,55.6,47,38.9,31.1,29,24.3,20.1,17.4,  ,  ,  ,  ,  ,  ,,,,,,,,,
237,屯昌县,,,,,,,,,,,,,,,,,,,,,,,,,
238,文昌市:GDP(亿元),159.8,175.3,158.6,143.1,118.7,94.6,83.8,68.8,61.6,53.9,48.5,40.3,37.1,36,34.4,32.2,29.5,24.6,22,,,,,,
239,昌江黎族自治县,,,,,,,,,,,,,,,,,,,,,,,,,
240,海口市:GDP(亿元),1091.7,904.6,820.6,712.8,595.1,489.6,443.2,393.7,350.1,301.4,253,228.9,162.7,145.7,133.6,118.5,110.3,104.6,98.9,,,,,,
241,澄迈县:GDP(亿元),226.8,201.3,170.2,147.2,110.1,81.9,74.9,57.6,50.1,41,  ,  ,  ,  ,  ,  ,,,,,,,,,
242,琼中黎族苗族自治县,,,,,,,,,,,,,,,,,,,,,,,,,
243,琼海市:GDP(亿元),187.7,162.6,145,132.6,113,88.5,75.8,63.1,52.3,50.9,55.3,48.9,45.2,42.1,41.6,38.2,34.7,29.6,27.8,,,,,,
244,白沙黎族自治县,,,,,,,,,,,,,,,,,,,,,,,,,
245,陵水黎族自治县,,,,,,,,,,,,,,,,,,,,,,,,,
246,仙桃市:GDP(亿元),552.3,504.3,444.2,378.5,291,242.6,233.5,190.4,162.5,144.1,  ,123.2,  ,101,113.1,  ,  ,  ,  ,,,,,,
247,十堰市:GDP(亿元),1200.8,1080.6,950,851.3,736.8,551,487.6,411.4,338.2,306.6,291,242.3,231.5,201.8,178.5,167.5,181.7,165.4,157.2,,,,,,
248,咸宁市:GDP(亿元),964.3,872.1,753,652.1,520.3,405.2,359.2,286.7,234.2,203.8,205,173.7,156.6,144.8,133.1,122.5,  ,18,14.8,,,,,,
249,天门市:GDP(亿元),401.9,365.2,321.2,274.5,219.5,186.9,187.4,151.5,122.3,106.6,  ,112.2,  ,94.2,87.5,  ,  ,  ,  ,,,,,,
250,孝感市:GDP(亿元),1354.7,1238.9,1100,958.2,800.7,672.9,593.1,480.8,404.2,360.2,381.3,343.6,314.1,287.8,262.5,272.5,337,298.9,260.7,,,,,,
251,宜昌市:GDP(亿元),3132.2,2818.1,2508.9,2140.7,1547.3,1272.3,1026.6,820.9,694.9,608.1,588.7,491.4,444.1,410.3,379.5,346.1,377.6,339.6,281.4,,,,,,
252,恩施州:GDP(亿元),612,552.5,482.2,418.2,351.1,294.3,249.2,210.4,189.5,173,164.2,140.8,130.1,126.8,121,111.1,  ,  ,  ,,,,,,
253,武汉市:GDP(亿元),10069.5,9051.3,8003.8,6756.2,5515.8,4560.6,3960.1,3141.5,2590,2238,1956,1662.4,1493.1,1348,1207,  ,  ,  ,  ,,,,,,
254,潜江市:GDP(亿元),540.2,492.7,441.8,378.2,290.7,234,211.8,156.6,125.3,108.8,  ,94.4,  ,79.7,84,  ,  ,  ,  ,,,,,,
255,神农架林区:GDP(亿元),20.2,18.6,16.8,14.5,12.3,10.3,8,7,6.2,5.2,  ,3.9,  ,3.2,2.9,  ,  ,  ,  ,,,,,,
256,荆州市:GDP(亿元),1480.5,1334.9,1196,1043.1,837.1,709.6,624,519.6,438.1,393,430,390,359.1,330,301.5,279.1,324.7,316.5,284.8,,,,,,
257,荆门市:GDP(亿元),1310.6,1202.6,1085.3,942.6,730.1,600.1,520.4,420.1,348.7,310.3,379.5,327.5,293.5,271.2,248.2,229.9,309.5,288.8,246.8,,,,,,
258,襄阳市:GDP(亿元),3129.3,2814,2502,2132.2,1538.3,1201,1002.5,785.5,675.2,571.5,557.9,503.3,456.6,450.2,415.3,391.6,488.9,462.1,399.2,,,,,,
259,鄂州市:GDP(亿元),686.6,630.9,560.4,490.9,395.3,323.7,269.8,208.7,168.3,147,141.9,125.7,111.3,101.4,90.6,91.8,109.3,100.8,100.3,,,,,,
260,随州市:GDP(亿元),723.5,661.9,590.5,518,401.7,341.9,310.2,257.6,218.3,193.1,189.7,156.9,143,129.6,120.1,85.2,132.5,121.6,103,,,,,,
261,黄冈市:GDP(亿元),1477.2,1332.6,1192.9,1045.1,862.3,730.2,600.8,473.7,391.2,348.6,432.4,387.2,362.3,343.1,320.3,304.1,346.4,315.9,268.5,,,,,,
262,黄石市:GDP(亿元),1218.6,1142,1040,926,690.1,571.6,556.6,466.7,401,343.2,317,273.6,245.5,222.6,200.8,180,160.5,138.4,115.3,,,,,,
263,娄底市:GDP(亿元),1210.9,1118.2,1026,837.9,678.7,568.3,528.4,423.4,359.1,311.1,267.2,211.3,189.3,180.1,168.5,187.4,  ,34.8,32.5,  ,  ,  ,  ,  ,  
264,岳阳市:GDP(亿元),2669.3,2435.5,2210,1899.5,1539.4,1272.2,1105.7,915.8,733.4,634.9,590.3,495.2,452,407,364,331.2,306.4,279.6,245.7,199,150.4,105.3,85.3,70.5,66.3
265,常德市:GDP(亿元),2514.2,2264.9,2050,1811.2,1491.6,1239.2,1049.7,864.1,723.8,634.2,583.4,486.6,443.2,398.6,349.8,319.4,303.7,283.2,269.1,217.6,171,121.6,95.4,85.2,82.1
266,张家界市:GDP(亿元),410,365.7,339,298,242.5,203.1,184,151.3,127.5,110.6,96.1,81.9,73,66.7,60.4,54.8,50.8,47.6,42,33.6,27.3,17.1,13.7,12.3,11.1
267,怀化市:GDP(亿元),1181.2,1117.7,1000,837.4,674.9,559.5,503.8,411.7,333.9,295.2,291.2,249.6,230.5,214.2,210.5,210.3,202.5,190.1,35.4,27.9,22.9,10.6,9,7.8,6.6
268,株洲市:GDP(亿元),2161,1949.4,1780,1563.9,1275.5,1024.9,909.6,751.3,605.3,524.1,452.5,383.1,355.3,322.7,291.4,281,263.2,239.7,214.7,176,136.2,98,74.6,61.1,54.5
269,永州市:GDP(亿元),1301.5,1175.5,1063.4,945.4,767,640,592.7,506.4,414.6,361.2,327.9,280.4,271.3,249.3,262.1,243.9,230.9,213.8,187.1,153.2,35.4,12.9,10.7,9,8.1
270,湘潭市:GDP(亿元),1570.6,1443.1,1282.4,1124.3,894,739.4,654.8,526.8,422.1,366.8,332.8,267.7,262.3,238.3,224.8,213.4,200.1,187.5,169.9,138.8,106.9,69.3,51.2,43.6,39
271,湘西州:GDP(亿元),457,418.9,397.5,361.4,303.4,269,226.7,184.8,146.3,123.9,98.6,82.2,74.5,72,  ,  ,  ,  ,  ,  ,  ,  ,  ,  ,  
272,益阳市:GDP(亿元),1253.2,1123.1,1020.3,883.6,712.3,591.6,511.3,417.6,336.2,294.8,287.3,239.7,229.5,210,193.6,192.7,183.7,173.1,150.8,137.6,112.4,13.1,10,7.8,7.6
273,衡阳市:GDP(亿元),2396.6,2169.4,1985,1746.4,1420.3,1168,1000.1,820.9,672.1,590.9,542.2,445.5,419,386.2,353.1,325.2,300,264.4,239.2,197.3,151.7,101.2,84.9,71.7,67.2
274,邵阳市:GDP(亿元),1261.6,1130,1028.4,907.2,727.3,600.7,561.6,475.9,409.5,360.1,336.6,285.1,260.1,243.2,251.6,235.5,220.7,204.7,182.7,154.5,121.8,79.2,62.2,53.8,49.8
275,郴州市:GDP(亿元),1872.6,1685.5,1517.3,1346.4,1081.8,843.2,734.1,650.5,546.2,477.7,395.1,324.3,288.6,257.1,250.3,231.4,210.5,189.5,151.4,127.3,95.4,13.4,11.4,10,8.5
276,长沙市:GDP(亿元),7824.8,7153.1,6399.9,5619.3,4547.1,3744.8,3001,2190.3,1799,1519.9,1133.9,929.5,812.9,728.1,656.4,588.4,542.9,482.9,400.1,320.4,253.1,167,130.9,106,93.5
277,临夏回族自治州,,,,,,,,,,,,,,,,,,,,,,,,,
278,兰州市:GDP(万元),2000.9,17762823,1564.4,1360,1100.4,926,846.3,732.8,638.5,567,504.7,440.1,386.8,348.8,309.4,275.3,259.5,243.7,230.3,214.5,155.9,110,84.8,72.6,71.2
279,嘉峪关市:GDP(万元),  ,226.2,251.8,235.5,184.3,160.1,144.1,120.2,98.7,81.3,44.4,31.8,24,20.6,17.9,16.9,16.1,16.2,14,13.9,12,11.1,5.4,4.9,3.5
280,天水市:GDP(万元),  ,454.3,4128747,357.6,300.2,260,226.6,196.2,166.4,146.2,125.5,108,97.5,87.5,80.3,73.6,72.2,61.2,67.1,56.2,45.8,37.4,26.7,23,20.4
281,定西市:GDP(万元),  ,2522182,2232711,187,156,131.9,105.7,100.1,80.9,71.4,63.1,558538,521327,472800,431500,  ,  ,  ,  ,  ,  ,  ,  ,  ,  
282,平凉市:GDP(万元),  ,341.1,325,276.2,231.9,195.7,175.1,147.8,125.6,110.2,96.3,80.6,72.8,25.6,18.6,17.2,17.8,16,14.2,  ,  ,  ,  ,  ,  
283,庆阳市:GDP(万元),  ,605.4,5293638,454.1,357.6,302.2,248.5,200.8,171.6,143.8,108.3,89.7,80.1,624940,570320,  ,  ,  ,  ,  ,  ,  ,  ,  ,  
284,张掖市:GDP(万元),  ,336,288,256.6,212.7,192.1,169.9,146.6,126.7,110.8,99.4,83.8,75.7,29,26.2,23.8,22.4,19.7,17.2,  ,  ,  ,  ,  ,  
285,武威市:GDP(万元),  ,381.2,3404992,272.9,228.8,192.8,210.1,187.7,161.6,141.8,108,90,78.5,70.5,636269,37.8,33.9,27.9,24.4,  ,  ,  ,  ,  ,  
286,甘南藏族自治州,,,,,,,,,,,,,,,,,,,,,,,,,
287,白银市:GDP(万元),  ,463.3,4337651,375.8,311.2,265.3,244.3,207.5,175.7,146.5,126.3,105.3,95.2,84.2,77,71.9,65.2,59,55.1,48.8,37.1,26.4,21.4,17.8,15.5
288,酒泉市:GDP(万元),  ,641.9,576,481.5,405,321.1,248,203.3,173.3,146,122.3,106.7,95.1,19.9,18.4,15.9,15.3,14.2,13,  ,  ,  ,  ,  ,  
289,金昌市:GDP(万元),  ,252,435,232.8,210.5,194.8,194.4,213.2,152.6,115.9,85.5,54.2,45.2,40.1,35.1,31.3,30.1,31.3,32.3,27.8,23.8,21.7,18.1,16.1,14.8
290,陇南市:GDP(万元),  ,2495048,2259756,197.7,169.4,142.3,121.6,111.8,92.9,74.2,63.4,52.1,47.3,43.3,403012,  ,  ,  ,  ,  ,  ,  ,  ,  ,  
291,三明市:GDP(亿元),1621.2,1477.6,1339.3,1231.2,975.1,800.2,666.9,545.7,453.6,392.8,375.8,320.7,286.6,272.1,255,239.9,224.4,209.2,195.8,174.3,158.9,111.6,75.8,63.9,57
292,南平市:GDP(亿元),1232.6,1105.8,997,897.2,728.7,621.7,559.1,466.6,393.2,348,321.7,282.6,255,240.9,222.8,214.9,208.9,206.2,188.1,157.1,127.6,25.1,16.9,13.7,12.4
293,厦门市:GDP(亿元),3273.6,3018.2,2822,2535.8,2060.1,1737.2,1560,1387.9,1168,1006.6,883.2,759.7,648.4,558.3,501.9,458.3,418.1,371.8,308.5,250.6,189.1,109.4,78.9,62.2,50.6
294,宁德市:福安市:GDP:第三产业(亿元),85.5,78.3,73.8,65.4,57.2,49.1,40,36.4,29.6,26.9,21.4,19,17,15.3,13.8,12.1,11.1,  ,  ,  ,  ,  ,  ,  ,  
295,泉州市:GDP(亿元),5733.4,5218,4726.5,4270.9,3565,3069.5,2705.3,2283.7,1900.8,1626.3,1603,1380.1,1223.1,1125.1,1045.1,951.8,863.9,746.3,629,519,380.3,233.9,127.1,79.3,61.9
296,漳州市:GDP(亿元),2506.4,2236,2017.8,1768.2,1430.7,1178,1002,854.8,716.9,628.5,702,603.4,534.7,523.9,477.4,487.1,433.3,368.5,299.6,226.7,162.9,105.8,77.2,57.1,48.5
297,福州市:GDP(亿元),5169.2,4678.5,4203,3705,3123.4,2604,2284.2,1974.6,1664.1,1476.3,1548.5,1347.7,1160.5,1074.2,1003.3,943.4,863.9,752.5,629.8,501.2,384.8,228.2,150,118.8,102.4
298,莆田市:GDP(亿元),1502.1,1342.9,1200,1055,850.3,691.4,610,511.7,423.7,359.9,308.5,262.8,232.1,220.1,198.5,176,159.3,140.1,152.6,133.7,94.4,63,43.1,35.4,27.9
299,龙岩市:GDP(亿元),1621.6,1479.9,1375,1259.9,990.9,824.9,672.9,553.4,450,385.6,349.2,294.4,257.9,234.3,226.7,207.8,189.5,170.1,150.9,42,34.4,25,15.7,12.2,10.1
300,山南地区:GDP(亿元),101.1,86.6,73.1,63.4,53.1,45.5,40.7,33.2,28.7,24.5,21.9,15.8,13,11.1,9.7,8.4,,,,,,,,,
301,拉萨市:GDP(亿元),347.5,304.9,260,222.1,178.9,154.3,138.8,121.9,102.4,86.8,76.1,64.3,55.1,47.2,40.4,33.5,,,,,,,,,
302,日喀则地区:GDP(亿元),146.4,128.6,115.2,103.9,86.4,75.5,67.3,58.9,50.5,44.1,39.2,34.4,29,25.2,22.1,19.9,,,,,,,,,
303,昌都地区:GDP(亿元),117.1,104.5,89.8,75.4,67.1,57.9,51.8,44.4,37.4,32.5,29.1,24.7,21,18.1,16,14.5,,,,,,,,,
304,林芝地区:GDP(亿元),92.9,81.8,72.4,61.4,53.7,45.8,40.8,33.8,27.5,24.5,21.7,19,15.9,13,11,9.4,,,,,,,,,
305,那曲地区:GDP(亿元),83.4,72.9,65.2,58,51.2,45.1,40.6,37.2,32.7,28.7,24.3,16.2,13.8,11.5,9.6,8.8,,,,,,,,,
306,阿里地区:GDP(亿元),32.9,28.9,25.6,21.3,18.5,16.3,14.7,13.4,11.3,9.6,8,  ,4.6,3.9,3.2,2.7,,,,,,,,,
307,六盘水市:GDP(亿元),1042.7,882.1,738.7,613.4,500.6,430.2,384.3,300.8,253.9,207.6,151.1,117.1,101.1,90.5,81.5,74.5,68.4,63.4,56.8,50.2,44,30.6,24.5,20.2,17.6
308,安顺市:GDP(亿元),520.1,429.2,352.6,285.6,232.9,195.7,167.7,145.8,123.7,106,87.8,78.8,70.7,63.5,58.5,25,22.6,20.2,18.7,  ,  ,  ,  ,  ,  
309,毕节市:GDP(亿元),1266.7,1041.9,885,737.4,600.9,500,427.3,325,264.7,231,196,157.1,138.7,127,  ,  ,  ,  ,  ,  ,  ,  ,  ,  ,  
310,贵阳市:GDP(亿元),2497.3,2085.4,1700.3,1383.1,1121.8,971.9,811.1,693.7,602.9,525.6,443.6,380.9,336.4,302.8,264.8,237.6,219.6,197.5,170.2,117.7,99.3,75.8,62.2,51.5,44.5
311,遵义市:GDP(亿元),1874.4,1584.7,1343.9,1121.2,908.8,777.6,655.7,540.5,464.5,407.6,362.4,307.5,276.1,252.6,236.8,226,216.3,194,39.5,28.1,24.9,19.6,17,15.2,12.6
312,铜仁市:GDP(亿元),647.7,535.2,457.9,357.7,293.6,251.7,216.4,179.2,147.5,128.1,101.1,82.8,  ,  ,  ,  ,  ,  ,  ,  ,  ,  ,  ,  ,  
313,黔东南州:GDP(亿元),701.7,585.6,495.8,383.6,312.6,250.8,228,195.7,165.7,144.7,115.8,104.4,  ,  ,  ,  ,  ,  ,  ,  ,  ,  ,  ,  ,  
314,黔南州:GDP(亿元),801.8,645.5,550.3,443.6,324.5,298,265.6,223.8,190.3,168,146.6,126.4,  ,  ,  ,  ,  ,  ,  ,  ,  ,  ,  ,  ,  
315,黔西南州:GDP(亿元),671,558.9,477.4,375.3,324.5,232,200.3,165.1,140.5,119.9,102,85.7,76,67.2,60.9,  ,  ,  ,  ,  ,  ,  ,  ,  ,  
316,丹东市:GDP(亿元),1023.2,1107.3,1015.4,905,728.9,607.5,563.9,464,385.3,326.3,290.5,233,202.7,186.6,172.9,166.1,157.8,151.9,140.2,125.8,108.3,77.2,58,56,47.5
317,大连市:GDP(亿元),7655.6,7650.8,7000,6100,5158.2,4349.5,3858.3,3130.7,2569.7,2152.2,1961.8,1632.6,1406.1,1235.6,1110.8,1003.1,926.3,829,733.1,645.1,528.1,325.1,244.6,200.9,178.6
318,抚顺市:GDP(亿元),1276.6,1340.5,1230,1113.3,895.2,698.6,662.4,547.2,457.8,390.2,375,314.8,280.2,257.9,232.2,205.8,193.7,192.9,168.4,153,141.4,111.4,82.2,72.6,64.2
319,朝阳市:GDP(亿元),993.5,1002.9,920.6,810,656.4,518.1,446.6,334.2,254,212.1,152.8,119.8,102.6,92.8,82,86.1,91,93.1,105,98.6,106.9,71,46.8,36.9,32.9
320,本溪市:GDP(亿元),1171.3,1193.7,1130,1050,860.4,688.4,610.9,484.9,400.3,343.3,293.6,234.7,193.5,177.3,158.3,133.3,121.9,114.9,111.7,113,102.7,79,54.2,46.1,38.5
321,沈阳市:GDP(亿元),7098.7,7158.6,6700,5950,5017.5,4268.5,3860.5,3221.2,2519.6,2084.1,1900.7,1603.4,1400,1236.5,1119.1,1013.2,938.8,851.1,771.8,682.7,556.3,402.5,273,219.6,202
322,盘锦市:GDP(亿元),1304.2,1351.1,1279.5,1140,926.3,676.9,675,562.9,509.2,441.3,368.7,338,302,300.9,299.1,251.6,231.4,226,200.2,175.4,154.5,111.6,68.8,47.4,41.8
323,营口市:GDP(亿元),1546.1,1513.1,1390,1200,1002.5,799.5,703.6,570.1,457.2,379.6,318.3,253.4,217.6,192.3,170.8,154.5,142.3,125.5,114.5,100.7,91.1,64.1,51.7,41.5,39.2
324,葫芦岛市:GDP(亿元),721.6,775.1,715,650,531.5,445.6,457.8,417.5,348.1,299.5,293.4,240,206.1,184.1,160.3,151.7,150.8,140.8,126.3,116.7,102.1,71.5,56.6,46.2,40.9
325,辽阳市:GDP(亿元),1014.6,1080,1000,860,735.4,608.3,566.6,467.7,393,330.1,290,238.8,202,180.6,172.1,154.7,146.4,145.1,132.4,114,114.2,79.3,58,43.5,41.4
326,铁岭市:GDP(亿元),867.3,1031.3,1015,860,722.1,605.7,536.3,404,323.9,264.2,216.1,176.5,151.8,137.9,126.5,118.6,113,104.2,98.9,86,88.9,70.6,71,59.8,56.5
327,锦州市:GDP(亿元),1364,1344.9,1248.5,1115.9,912.6,727.3,690.4,551.1,460.3,381.9,343.1,281.7,242.9,216.5,195.9,186.7,186.6,179.6,165.9,160.6,140.2,98.4,78.2,66.7,57.8
328,阜新市:GDP(亿元),606.2,615.1,560,460,378.9,288,233.9,193.5,158.6,142.6,127.1,103,85.2,70.3,65.1,64.5,68.5,62.7,63.6,57.7,53.4,42,30.7,27,23.8
329,鞍山市:GDP(亿元),2385.9,2623.3,2687,2444,2125,1730.5,1607.9,1343.5,1136,1018,1006,790.4,709,641.5,581.2,525,482.7,436,395,349.9,330.3,264.4,157.4,114.5,101.1
330,重庆市:GDP(亿元),14265.4,12656.7,11459,10011.1,7925.6,6530,5793.7,4676.1,3907.2,3070.5,2665.4,2250.6,1971.3,1749.8,1589.3,1479.7,1429.3,1350.1,1179.1,1016.3,756,553.1,420.2,341.6,299.8
331,咸阳市:GDP(亿元),2085.2,1860.4,1616.2,1359.1,1098.7,873.2,764.6,585.9,484,432.5,338.6,287.6,250,231.9,228.2,208.2,199.9,183.9,172.8,150.5,115.2,80.8,61.7,51.3,42
332,商洛市:GDP(亿元),575,510.9,439,362.9,285.9,225.1,174,135.8,114.2,100.2,87.2,75.6,65.6,62.6,56.4,  ,  ,  ,  ,  ,  ,  ,  ,  ,  
333,安康市:GDP(亿元),689.4,604.6,513,407.2,327.1,275,233.7,187.4,157.2,137.9,119.6,103.6,90.4,80.5,78.8,24.4,22.9,20,19.2,  ,  ,  ,  ,  ,  
334,宝鸡市:GDP(亿元),1642.9,1545.9,1409.9,1175.8,976.1,806.6,714.1,581.8,476.9,415.8,320.3,261.1,218.2,195.1,203.1,182.8,168.3,150.2,126.5,110.6,98.4,75.8,59.1,50.5,47
335,延安市:GDP(亿元),1386.1,1354.1,1271,1113.4,885.4,728.3,713.3,610.1,453.1,370.6,191.8,142.8,118.8,106.3,97.8,81.3,76.8,68,12.8,11.7,7.8,6.5,5.1,4.4,4
336,榆林市:GDP(亿元),2920.6,2846.8,2707,2292.3,1756.7,1302.3,1008.3,672.3,439.5,320,185,138.1,111.4,92.6,79.3,62.3,13.7,12.7,12.1,  ,  ,  ,  ,  ,  
337,汉中市:GDP(亿元),1002.8,881.7,772.3,647.5,509.7,415.6,352.6,291.1,246.8,216.6,192.5,163.4,141.3,153,142.4,135.5,128.5,122.5,114.5,17.5,15.3,12.6,9.1,8.3,7.2
338,渭南市:GDP(亿元),1423.8,1349,1212.5,1029,801.4,655.5,489.7,424.9,350.1,312.4,247.7,207.5,181.8,170.1,164.2,152.2,151.8,141,130.1,115.7,19.2,12.9,9.7,7.9,6.4
339,西安市:GDP(亿元),5492.6,4884.1,4369.4,3864.2,3241.5,2724.1,2190,1763.7,1473.7,1270.1,1095.9,941.6,823.5,733.9,688.5,613.7,557.2,500.6,410.4,330.4,289.8,202.4,143.1,119.4,103.4
340,铜川市:GDP(亿元),325.4,322,282.9,234.5,187.7,155.9,128.7,102.3,83.6,69.5,58.9,48.7,40.9,37.1,40.4,38.8,37.1,34,30.6,25.5,20.3,15.9,11.5,9.5,9.1
341,果洛藏族自治州,,,,,,,,,,,,,,,,,,,,,,,,,
342,海东地区,,,,,,,,,,,,,,,,,,,,,,,,,
343,海北藏族自治州,,,,,,,,,,,,,,,,,,,,,,,,,
344,海南藏族自治州,,,,,,,,,,,,,,,,,,,,,,,,,
345,海西州:GDP(亿元),512.3,609.7,570.3,484.4,365.5,289.3,273.1,201.7,170,134.3,100.3,83,70,61.5,  ,  ,,,,,,,,,
346,玉树藏族自治州,,,,,,,,,,,,,,,,,,,,,,,,,
347,西宁市:GDP(亿元),1065.8,978.5,851.1,770.7,628.3,501.1,422.2,342.5,281.6,237.6,174.7,144.8,121.3,104.5,92,73.2,,,,,,,,,
348,黄南藏族自治州,,,,,,,,,,,,,,,,,,,,,,,,,
349,七台河市:GDP(亿元),214.3,241,303,309,305.2,233.6,187.2,135.2,114.2,100.2,96.5,79.7,69.7,61.5,56.2,53,49.3,44.4,39.5,32.9,26.8,20.2,14.5,13.1,11
350,伊春市:GDP(亿元),256,284.5,260.1,229.7,202.4,172.5,179,153.2,130.3,115.9,109.2,95.1,85.4,78.6,72.6,67.7,65.4,58.7,52.5,47.4,40.7,27.5,21.8,16.7,16.3
351,佳木斯市:GDP(亿元),766,792.2,660,600,512.5,432.7,398.5,336.9,278.5,241.5,236.3,200.9,184.7,164.2,146.4,132.8,130.4,119.2,109.3,95.4,76.7,44.7,37.6,32.9,46.9
352,双鸭山市:GDP(亿元),432.7,555.1,586,472,396.4,298.5,260.1,206.4,169.2,146.6,136.6,114.9,100.6,92.3,84.1,82,82.4,75.2,67.9,56.8,42.7,32.4,23.9,19.5,13.7
353,哈尔滨市:GDP(亿元),5340.1,5010.8,4550.2,4243.4,3664.9,3175.5,2868.2,2436.8,2094.1,1830.5,1680.5,1414.8,1232.1,1120.1,1002.7,883.3,816.2,746.2,637.4,393.6,311.8,210.3,169.3,146,112.3
354,大兴安岭地区:GDP(亿元),128.4,162.3,147.7,124.7,99.2,80.5,69.7,59.1,50.5,46.1,55.3,52.6,48.6,45.4,42.2,40.6,  ,  ,  ,  ,  ,  ,  ,  ,  
355,大庆市:GDP(亿元),4077.5,4181.5,4000,3737,2900.1,2120,2220.4,1822.3,1620.3,1400.7,1239.5,1125.6,1030.7,1077.9,1029.4,712.9,611.6,584,492,440.8,386.5,272.5,197.6,178.6,150.1
356,牡丹江市:GDP(亿元),1130.3,1216.1,1092.7,934.8,765,629.3,506.1,417,347.1,302.8,301.8,266.9,242.5,228.6,207.7,191.2,185.6,156.8,141.5,120.1,102.4,55.4,60.9,59.9,56.4
357,绥化市:GDP(亿元),1190.2,1183.9,1058,880,733.4,605.9,541.8,447.2,397.3,350.8,314.2,278.6,320.2,339.6,315.3,73.5,69.5,62.1,55.2,  ,  ,  ,  ,  ,  
358,鸡西市:GDP(亿元),516,570.9,610,500,419.5,353.8,315.9,264.7,236.2,204.6,194.7,169.1,149.1,136.3,124.4,118.1,107.8,100.8,89.5,78.3,60.9,38.8,25.9,23.6,19.1
359,鹤岗市:GDP(亿元),259.5,320,358.2,300,251,202.3,184.7,153.6,130,112.1,104.9,88,76.9,69.7,63.3,62.9,62.6,55.6,45.4,39.8,28.1,24.2,20.6,19.4,22.2
360,黑河市:GDP(亿元),421.4,389.7,360,300,261.1,224.2,205.6,166.3,135.7,120.5,112.3,97.1,89.6,82.5,76.6,75.5,78.7,76.7,69.6,59.6,49.7,34.9,8.1,4.7,3.6
361,齐齐哈尔市:GDP(亿元),1209.3,1230.4,1180,1080,880.5,690.5,665.9,556,481.6,422.4,401.9,350.2,333.1,301.2,282.6,268.3,262.6,256.4,219.9,177.7,152.3,93.9,97.2,86.5,78.1
362,南沙区,,,,,,,,,,,,,,,,,,,,,,,,,
363,,,,,,,,,,,,,,,,,,,,,,,,,,
364,,,,,,,,,,,,,,,,,,,,,,,,,,
365,,,,,,,,,,,,,,,,,,,,,,,,,,
