FID,,,,,,,,,,,,,,,,,,,,,,
0,上海:常住人口(万人),2425.7,2415.2,2380.4,2347.5,2302.7,2210.3,2140.7,2063.6,1964.1,1890.3,1835,1765.8,1713,1668.3,1608.6,1567,1527,1489,1451,1414,
1,临沧市:总人口(万人),249.3,247.9,246.3,244.8,243.2,239.6,238.2,236.8,236.6,236.1,218.3,215.9,214.9,213.8, , , , , , ,
2,丽江市:总人口(万人),127.5,126.9,126.2,125.4,124.6,122.6,122.1,121.6,121.3,120.3,112.7,111.2,110.8,110, , , , , , ,
3,保山市:总人口(万人),256.7,255.4,254,252.5,250.9,247.7,246.4,245,244.8,244.2,241.1,237.5,235.9,234.5, , , , , , ,
4,大理州:总人口(万人),352.7,351,349.3,347.8,346,350.8,349.3,348,348.6,347.1,338.3,333.4,330.9,328.6, , , , , , ,
5,德宏州:总人口(万人),126.4,124.5,122.9,122.1,121.3,119.4,118.5,117.7,116.5,115.1,105.9,103.8,102.8,101.8, , , , , , ,
6,怒江州:总人口(万人),54.1,53.9,53.8,53.6,53.5,53.6,53.3,52.9,52.6,52,48,46.8,46.6,46.4, , , , , , ,
7,文山州:总人口(万人),359.3,357.8,356.1,354.2,352.2,345.4,343,340.9,339.1,337.1,335.5,329.9,327.6,324.6, , , , , , ,
8,昆明市:总人口(万人),662.6,657.9,653.3,648.6,643.9,628,623.9,619.3,615.2,608.6,502.9,494.8,487.5,480.9, , , , , , ,
9,昭通市:总人口(万人),538.7,534.2,529.6,525.9,521.9,534.3,529.5,525.2,511.8,507.5,524.3,501.4,496.2,491.9, , , , , , ,
10,普洱市:总人口(万人),259.4,258.4,257.5,256.1,254.6,258.7,258.1,257.6,257.3,256.6,236.4,232.7,231.4,131.8, , , , , , ,
11,曲靖市:总人口(万人),600.9,597.4,593.6,589.9,586.1,581.8,578.2,572.9,570,565.8,575.7,556.1,550.9,547.1, , , , , , ,
12,楚雄州:总人口(万人),272.8,272.4,271.9,270.4,268.7,270.1,269,268.4,267.2,265.7,256.2,253.7,252.4,250.9, , , , , , ,
13,玉溪市:总人口(万人),235.1,234,233,231.8,230.6,228.7,227.6,226.4,224.6,221.4,208.6,205.4,203.4,201.7, , , , , , ,
14,红河州:总人口(万人),462,459.1,456.1,453.5,450.6,444.2,441.2,437.3,434.5,431.2,404.3,398.7,396,394.1, , , , , , ,
15,西双版纳州:总人口(万人),115.7,115.2,114.9,114.2,113.5,107.6,107,106.5,105.7,105,87.6,86.3,85.9,85.4, , , , , , ,
16,迪庆州:总人口(万人),40.7,40.6,40.5,40.3,40.1,37.9,37.7,37.5,37.2,36.9,33.8,33.4,33.3,33.2, , , , , , ,
17,乌兰察布市:年末常住人口(万人),211.7,212.3,212.9,213.5,214.1,212.6,213.2,213.8,214.1,215.4,219.3,270.6,270.3, , , , , , , ,
18,乌海市:年末常住人口(万人),55.4,55.3,54.8,54.1,53.5,48.8,48.3,47.7,47,46.5,45.9,41.6,40.6, , , , , , , ,
19,兴安盟:年末常住人口(万人),160.1,160.3,160.7,161,161.3,160.1,160.1,160.3,159.9,160,160.5,163.8,162, , , , , , , ,
20,包头市:年末常住人口(万人),279.9,276.6,273.2,269.3,265.6,257.2,253.2,249.6,245.8,243,240.8,209.3,206.2, , , , , , , ,
21,呼伦贝尔市:年末常住人口(万人),253,253.2,253.5,254,254.6,269.8,269.9,270.6,270,270.2,271.2,269.7,265, , , , , , , ,
22,呼和浩特市:年末常住人口(万人),303.1,300.1,294.9,291.2,287.4,270.9,267.2,263.5,260.6,258,254.4,213.9,211.8, , , , , , , ,
23,巴彦淖尔市:年末常住人口(万人),167.2,167.1,166.9,166.3,166.9,173.3,173.8,174.2,173.6,173.2,172.4,270.6,173.6, , , , , , , ,
24,赤峰市:年末常住人口(万人),430.4,430.6,431.3,431.9,433.8,432.8,435.1,437.7,438.5,439.3,441.6,447.3,442, , , , , , , ,
25,通辽市:年末常住人口(万人),312.4,312.6,313.3,313.6,314,308.3,309.1,309.5,309.1,309.5,310.9,309.3,305.4, , , , , , , ,
26,鄂尔多斯市:年末常住人口(万人),203.5,201.8,200.4,199.9,195,162.5,159.1,154.8,151.5,149.5,146.7,136,132.8, , , , , , , ,
27,锡林郭勒盟:年末常住人口(万人),104,103.9,104.1,103.3,102.9,103.6,102.7,101.7,100.9,100.6,99.6,94,91.8, , , , , , , ,
28,阿拉善盟:年末常住人口(万人),24.1,23.9,23.9,23.5,23.2,22.4,22.1,21.7,21.4,21.2,21.1,18,17.7, , , , , , , ,
29,北京:常住人口(万人),2151.6,2114.8,2069.3,2018.6,1961.9,1860,1771,1676,1601,1538,1492.7,1456.4,1423.2,1385.1,1363.6,1257.2,1245.6,1240,1259.4,1251.1,
30,吉林:年末常住人口(万人),2752.4,2751.3,2750.4,2749.4,2746.6,2739.6,2734.2,2729.8,2723,2716,2708.5,2703.7,2699.4,2690.8,2681.7,2657.6,2643.8,2627.8,2610, ,
31,苏北区:常住人口(万人),2999.8,2988.5,2978.8,2976.6,2977,3015,3024,3042.8,3076.9,3153, , , , , , , , , , ,
32,盐城市:常住人口(万人),722.3,722,721.6,723.7,726.4,748.2,752.2,757.9,768.7,794.7, , , , , , , , , , , 
33,苏中区:常住人口(万人),1641.5,1640.2,1639.4,1637.8,1636.4,1629.5,1625.5,1621.9,1634.3,1688.7, , , , , , , , , , , 
34,白城市:年末户籍人口(万人),197.8,199.1,200,202.5,202.6,203.2,202.9,202.9,202.4,201.6,201.6,200.8, , , , , , , , ,
35,白山市:年末户籍人口(万人),126.3,127.1,127.9,128.5,128.7,129.7,129.7,129.9,130,130.3,130.7,132.9, , , , , , , , ,
36,辽源市:年末户籍人口(万人),121.8,121.9,122,122.5,123.8,123.8,123.3,123.4,123.2,123.4,124,124.2, , , , , , , , ,
37,通化市:年末户籍人口(万人),222.2,222.3,224.6,226,226.1,226.8,227.2,226.9,226.9,226.3,226.4,226.2, , , , , , , , ,
38,长春市:年末户籍人口(万人),754.6,752.7,756.9,761.8,758.9,756.5,752.5,746,739.3,731.5,724.1,718.2, , , , , , , , ,
39,乐山市:年末常住人口(万人),325,325.6,325.4,324.3,323.6,338,335.6, , , , , , , , , , , , , ,
40,内江市:年末常住人口(万人),373.3,372.5,371.8,370.9,370.3,395.7,395.6, , , , , , , , , , , , , ,
41,凉山州:年末常住人口(万人),462,458.5,456.1,454.1,453.3,439.9,436.8, , , , , , , , , , , , , ,
42,南充市:年末常住人口(万人),633.4,631.7,630,628.5,627.9,625.3,624.5, , , , , , , , , , , , , ,
43,宜宾市:年末常住人口(万人),447,446.5,446,446,447.2,446,445.9, , , , , , , , , , , , , ,
44,巴中市:年末常住人口(万人),332.2,331.7,330.8,329.6,328.4,316.3,315.3, , , , , , , , , , , , , ,
45,广元市:年末常住人口(万人),257.5,254.5,253,249,248.4,274.4,273.5, , , , , , , , , , , , , ,
46,广安市:年末常住人口(万人),323.2,322.4,321.6,321,320.5,368.7,373.2, , , , , , , , , , , , , ,
47,德阳市:年末常住人口(万人),351.1,352.4,353.1,359.2,361.6,365.7,364.8, , , , , , , , , , , , , ,
48,成都市:年末常住人口(万人),1442.8,1429.8,1417.8,1407.1,1404.8,1286.6,1270.6, , , , , , , , , , , , , ,
49,攀枝花市:年末常住人口(万人),123.2,123.3,123.1,122,121.4,117,115, , , , , , , , , , , , , ,
50,泸州市:年末常住人口(万人),425,424.6,425,422.5,421.8,434.3,430.4, , , , , , , , , , , , , ,
51,甘孜州:年末常住人口(万人),114.8,113.8,112.2,110,109.2,101.5,98.3, , , , , , , , , , , , , ,
52,眉山市:年末常住人口(万人),299,297.8,296.6,295.8,295,299.2,300.9, , , , , , , , , , , , , ,
53,绵阳市:年末常住人口(万人),473.9,467.6,464,462,461.4,496.3,495.6, , , , , , , , , , , , , ,
54,自贡市:年末常住人口(万人),274.6,273.8,271.3,268.4,267.9,280.7,281.2, , , , , , , , , , , , , ,
55,资阳市:年末常住人口(万人),354.7,357.1,358.9,363,366.5,424,423.3, , , , , , , , , , , , , ,
56,达州市:年末常住人口(万人),553,551.3,549.3,548.6,546.8,573.6,572.5, , , , , , , , , , , , , ,
57,遂宁市:年末常住人口(万人),328.3,327.5,326.8,326,325.2,357.9,356.5, , , , , , , , , , , , , ,
58,阿坝州:年末常住人口(万人),92,91.2,90.7,90.2,89.9,91.2,88.6, , , , , , , , , , , , , ,
59,雅安市:年末常住人口(万人),154.4,153.4,152.7,151.7,150.7,152.7,152.3, , , , , , , , , , , , , ,
60,天津:常住人口(万人),1516.8,1472.2,1413.2,1354.6,1299.3,1228.2,1176,1115,1075,1043,1023.7,1011.3,1007.2,1004.1,1001.1,959.5,956.6,952.6,948.2,941.8,
61,中卫市:年末总人口(人),113.3,112.5,110.7,109.3,108.3,113.8,112.8,104.6,105.4,104.2,102.2, , , , , , , , , ,
62,吴忠市:年末总人口(人),135.3,133.1,131.2,129.5,128.2,133.3,131.6,128.4,127.3,125.7,123.8,186.6,179.4,202.4, , , , , , ,
63,固原市:年末总人口(人),122.7,124.4,126.4,124.7,123.3,135.1,134.4,142.6,152.2,150.6,151.3,187.8,189.1,187.2, , , , , , ,
64,石嘴山市:年末总人口(人),77.3,75.9,74.2,73.4,72.7,72.7,73.4,73,73.9,73.2,72.6,72.8,70,69.7, , , , , , ,
65,银川市:年末总人口(人),212.9,208.3,204.6,202.6,200.4,170.2,165.4,161.7,145,142.4,137.8,133,133,103.9, , , , , , ,
66,亳州市:常住人口(万人),499.6,495,489.5,488,485.1,508,511,510,512,514,527,518, , , , , , , , ,
67,六安市:常住人口(万人),572.5,568.3,565.1,563.6,561.2,606,609,609,612,614,619,605, , , , , , , , ,
68,合肥市:常住人口(万人),769.6,761.1,757.2,752.1,570.3,510,501,491,468,463,443,460, , , , , , , , ,
69,安庆市:常住人口(万人),537.6,534.5,532,530.6,531.1,558,560,559,565,567,599,595, , , , , , , , ,
70,宣城市:常住人口(万人),257.4,256.3,255.6,254.7,253.3,258,258,258,257,258,268,269, , , , , , , , ,
71,宿州市:常住人口(万人),548.6,543.1,537.8,536.6,535.1,566,569,569,572,574,582,572, , , , , , , , ,
72,巢湖市:年末总人口(万人), , , , ,460.5,458.6,456.8,455,452.6,453.1,454,453.3,452.6,451.4,448.9,445.5,442.3, ,81.6, ,
73,池州市:常住人口(万人),143,142.2,141.9,141.4,140.3,142,143,143,143,144,152,150, , , , , , , , ,
74,淮北市:常住人口(万人),215.9,214.2,212.3,211.5,211.4,206,205,205,204,204,204,201, , , , , , , , ,
75,淮南市:常住人口(万人),237.5,235.7,233.9,233.1,233.4,230,229,229,228,228,227,212, , , , , , , , ,
76,滁州市:常住人口(万人),398.5,396.2,394.5,393.1,393.8,411,412,411,410,411,415,420, , , , , , , , ,
77,芜湖市:常住人口(万人),361.7,359.6,357.8,356.6,226.3,230,228,226,223,223,221,220, , , , , , , , ,
78,蚌埠市:常住人口(万人),325.8,322,318.3,317.6,316.5,321,321,321,322,323,335,332, , , , , , , , ,
79,铜陵市:常住人口(万人),73.8,73.6,73.4,73.1,72.4,74,73,72,71,71,70,71, , , , , , , , ,
80,阜阳市:常住人口(万人),782.3,771.6,763.9,761.9,760,832,836,836,844,847,869,836, , , , , , , , ,
81,马鞍山市:常住人口(万人),222.9,220.8,219.5,218.8,136.6,129,128,127,126,126,122,123, , , , , , , , ,
82,黄山市:常住人口(万人),136.3,135.6,135.3,134.9,135.9,140,140,140,139,140,144,145, , , , , , , , ,
83,东营市:常住人口(万人),209.9,208.5,207.3,205.5,203.7,201.8,200.5,199.1,196.9,194.8,179.3, , , , , , , , , ,
84,临沂市:常住人口(万人),1022.1,1015.9,1012.4,1009.1,1005.6,988.9,983.3,979.9,977.9,973.3,994.3, , , , , , , , , ,
85,威海市:常住人口(万人),280.9,280.6,279.8,280.1,280.5,281.7,280.6,280,279,277.6,259.7, , , , , , , , , ,
86,德州市:常住人口(万人),570.5,567.1,563.1,560.3,557.4,553.1,548.9,545.3,541.9,537.5,529.4, , , , , , , , , ,
87,日照市:常住人口(万人),287.1,285.1,283.4,281.9,280.3,275.8,274.1,272.3,271,269.5,268.6, , , , , , , , , ,
88,枣庄市:常住人口(万人),383.1,380.1,377.2,375.3,373.4,366.5,365,364,362.4,359.8,354.7, , , , , , , , , ,
89,泰安市:常住人口(万人),558.1,556.8,552.9,551.4,549.8,548,545.6,543.3,540.9,538.6,533.5, , , , , , , , , ,
90,济南市:常住人口(万人),706.8,699.9,695,688.5,681.8,667.9,662.7,657.2,648.4,642.9,592.2, , , , , , , , , ,
91,济宁市:常住人口(万人),824,820.6,815.8,812.9,809.2,803.2,796.7,791.7,787.1,781.7,774, , , , , , , , , ,
92,淄博市:常住人口(万人),461.5,459.3,457.9,455.6,453.3,451.3,450.5,448.4,445.9,442.4,418.5, , , , , , , , , ,
93,滨州市:常住人口(万人),384,380.6,378.9,377.1,375.2,370,368.9,367.1,365.5,362.9,356.4, , , , , , , , , ,
94,潍坊市:常住人口(万人),924.7,922.5,921.6,915.5,909.2,895.2,889.5,883.6,877.5,871.6,849.5, , , , , , , , , ,
95,烟台市:常住人口(万人),700.2,698.9,698.3,697.6,696.8,703.4,701.9,699.5,696.2,693.5,663.6, , , , , , , , , ,
96,聊城市:常住人口(万人),593.6,591.1,589.3,584.6,579.8,561,557.1,553.7,550.4,546.1,541.2, , , , , , , , , ,
97,莱芜市:常住人口(万人),134.5,133.3,131.4,130.6,129.9,127.9,127.5,126.8,126.4,126,123.4, , , , , , , , , ,
98,菏泽市:常住人口(万人),843.8,836.8,833.8,831.9,830.2,824.8,818.8,816.6,812.2,810.2,809.8, , , , , , , , , ,
99,青岛市:常住人口(万人),905.6,897.4,887.9,880.5,872.9,851,846.6,839.7,830.4,820.6,750.4, , , , , , , , , ,
100,临汾市:常住人口(万人),441.5,439.1,436.7,434.5,432.1,422.2,419.8,417.2,414.7,412.1,409.2,406.2, , , , , , , , ,
101,吕梁市:常住人口(万人),381.3,379.3,377.2,375.2,373.1,361.8,359.8,357.6,355.4,353.1,350.4,347.4, , , , , , , , ,
102,大同市:常住人口(万人),339.2,337.5,335.7,334,332.1,319.5,317.9,316,314.1,311.9,309.7,307.4, , , , , , , , ,
103,太原市:常住人口(万人),429.9,427.8,425.6,423.5,420.5,350.2,347.1,345.7,344.3,342.9,341.4,339.8, , , , , , , , ,
104,忻州市:常住人口(万人),312.9,311.4,309.9,308.5,307,309.7,309,307.3,305.7,303.9,301.9,300, , , , , , , , ,
105,晋中市:常住人口(万人),332,330.5,328.7,327,325.2,313.9,312.4,310.9,309.5,308,306.6,305.3, , , , , , , , ,
106,晋城市:常住人口(万人),230.9,230.1,229.1,228.6,228,223.9,223.2,222.3,221.4,220.5,219.7,219, , , , , , , , ,
107,朔州市:常住人口(万人),175.4,174.4,173.5,172.6,171.6,154.4,153.6,152.7,151.7,150.7,149.7,148.6, , , , , , , , ,
108,运城市:常住人口(万人),525.2,522.4,519.5,516.7,513.9,509.5,507.6,504.6,501.7,498.5,495.3,491.9, , , , , , , , ,
109,长治市:常住人口(万人),340.4,338.8,337,335.4,333.7,329.9,328.3,326.9,325.2,323.4,321.7,319.9, , , , , , , , ,
110,杨凌示范区:年末常住人口(万人),20.3,20.2,20.2,20.2,20.1,20.1,16.1,16,15.7,15.5, , , , , , , , , , , 
111,东沙群岛,,,,,,,,,,,,,,,,,,,,,
112,东莞市:常住人口(万人),834.3,831.7,829.2,825.5,822.5,786.1,750.6,717,685.7,656.1,655.7,655.3,654.8,654.4,644.8,553.7, , , , ,
113,中山市:常住人口(万人),319.3,317.4,315.5,314.2,312.3,296.5,282,268.7,254.9,243.5,242.7,242,240.1,238.3,236.5,194.9, , , , ,
114,云浮市:常住人口(万人),244.5,242.8,241.7,237.9,236.3,233.4,234,233.3,234.6,234,232,227.6,224.5,221.5,215.5,536.8, , , , ,
115,佛山市:常住人口(万人),735.1,729.6,726.2,723.1,719.9,687.5,657.4,629.7,604.2,580,575,564.4,556.7,549.1,534.1, , , , , ,
116,广州市:常住人口(万人),1308.1,1292.7,1283.9,1275.1,1271,1187,1115.3,1053,996.7,949.7,966.1,972.9,984.8,996.8,994.8, , , , , ,
117,惠州市:常住人口(万人),472.7,470,467.4,463.4,460.1,435.1,418.7,402.9,387.5,370.7,363.2,352.3,343.4,334.8,321.8, , , , , ,
118,揭阳市:常住人口(万人),603.5,599.5,595.6,591.5,588.3,581.2,578.5,576.7,570.3,559.7,556.7,548.2,542.6,537,524.6,168.4, , , , ,
119,梅州市:常住人口(万人),432.3,430.7,429.4,426.8,424.5,417.7,416.3,415,413.2,411.8,408.5,401.2,396,390.9,380.5, , , , , ,
120,汕头市:常住人口(万人),552.4,547.9,544.8,541.7,539.6,522,514.8,506.8,499.7,494.5,492.7,486.2,482.1,478,467.8, , , , , ,
121,汕尾市:常住人口(万人),300.7,298.6,296.9,295.5,293.9,293.1,291.8,288.8,285.1,279.9,274.8,267.1,260.9,254.8,245.7,927.1, , , , ,
122,江门市:常住人口(万人),451.1,449.8,448.3,446.6,445.1,436.6,428.5,421.3,415.5,410.3,410,406.5,404.6,402.7,395.2,110.7, , , , ,
123,河源市:常住人口(万人),306.3,303.8,301,298.2,295.8,287.1,285.5,275,281.5,278.2,269.2,257.8,248.1,238.8,226.8, , , , , ,
124,深圳市:常住人口(万人),1077.9,1062.9,1054.7,1046.7,1037.2,995,954.3,912.4,871.1,827.8,800.8,778.3,746.6,724.6,701.2, , , , , ,
125,清远市:常住人口(万人),381.9,379.1,376.6,373.8,370.4,367.7,366.6,365.6,362.3,359.4,352.8,342.8,334.8,327,315,84.9, , , , ,
126,湛江市:常住人口(万人),721.2,716.7,710.9,706.9,700.4,693.4,691.1,688.5,685.6,669,660.7,645.2,633.6,622.3,603.4,245.8, , , , ,
127,潮州市:常住人口(万人),272,271.2,270,268.4,267.2,262.7,259.8,256.8,253.8,252,251.6,248.7,247,245.4,240.4,267.5, , , , ,
128,珠海市:常住人口(万人),161.4,159,158.3,156.8,156.2,154.2,151.1,147.4,144.5,141.6,138.9,134.9,131.6,128.5,123.7, , , , , ,
129,肇庆市:常住人口(万人),403.6,402.2,398.2,395.1,392.2,383.8,380.6,378.3,375.5,367.6,364.2,357.2,352.1,347,337.7,237.8, , , , ,
130,茂名市:常住人口(万人),604.9,601.3,596.8,588.3,582.6,587.8,593.4,597.9,595.3,584,576.1,562.5,552,541.7,524.8,131.3, , , , ,
131,阳泉市:常住人口(万人),139.3,138.6,137.9,137.4,136.9,132.4,132,131.4,130.9,130.2,129.6,129, , , , , , , , ,
132,韶关市:常住人口(万人),290.9,289.3,286.9,285,283,285,286.7,288.5,290.9,292.3,288.4,284.7,280.9,277.3,273.7, , , , , ,
133,北海市:常住人口(万人),160.4,159,157.2,155.4,153.9,159,157.3, , , , , , , , , , , , , ,
134,南宁市:常住人口(万人),691.4,685.4,679.1,673.4,666.2,701.3,695.6, , , , , , , , , , , , , ,
135,崇左市:常住人口(万人),204,202.8,202,201.1,199.4,219.5,217.8, , , , , , , , , , , , , ,
136,来宾市:常住人口(万人),216.4,214.9,213.5,211.8,210,230.9,229.1, , , , , , , , , , , , , ,
137,柳州市:常住人口(万人),388.7,385.6,382.5,379.4,375.9,370.8,368.7, , , , , , , , , , , , , ,
138,桂林市:常住人口(万人),491.9,488.1,483.9,478.8,474.8,491.5,488, , , , , , , , , , , , , ,
139,梧州市:常住人口(万人),297.6,295.4,292.9,290.9,288.2,308.1,306, , , , , , , , , , , , , ,
140,河池市:常住人口(万人),345.1,343.2,341.6,339.3,336.9,384.7,381.6, , , , , , , , , , , , , ,
141,玉林市:常住人口(万人),566,562.3,558.1,553.8,548.7,570.8,565.3, , , , , , , , , , , , , ,
142,百色市:常住人口(万人),356.9,354.5,351.8,349.5,346.7,366.1,363, , , , , , , , , , , , , ,
143,贵港市:常住人口(万人),425.6,422.1,418.7,415.7,411.9,430.5,426.6, , , , , , , , , , , , , ,
144,贺州市:常住人口(万人),201.3,200,198.7,197,195.4,211.6,209.7, , , , , , , , , , , , , ,
145,钦州市:常住人口(万人),318.1,315.9,313.3,311,308,326.2,323, , , , , , , , , , , , , ,
146,防城港市:常住人口(万人),90.8,89.9,88.7,87.8,86.7,85.3,84.3, , , , , , , , , , , , , ,
147,乌鲁木齐市:年末户籍人口(万人),266.9,262.9,257.8,249.4,241.2,236.1,231.3,201.8,194.2,186,181.5,175.7, , , , , , , , ,
148,五家渠市:年末户籍人口(万人),9.3,9.1,9.1,9.1,9,9,7.3, , , , , , , , , , , , , ,
149,伊犁州:年末户籍人口(万人),473.6,471.6,291.7,288.5,276.3, ,270.2,263.1,259.6,255.7,251.7,247.8, , , , , , , , ,
150,克州:年末户籍人口(万人),59.6,57.6,56.1,55.4,53,51.5,50,48.4,47.6,46.8,45.8,45.2, , , , , , , , ,
151,克拉玛依市:年末户籍人口(万人),29.6,29,28.6,28.2,27.6,27.3,26.7,26.2,25.5,25.4,26.1,29, , , , , , , , ,
152,博尔塔拉州:年末户籍人口(万人),49.4,49,48.5,48.7,47.8,47.7,47.3,46.5,45.8,45.2,44,42.4, , , , , , , , ,
153,吐鲁番地区:年末户籍人口(万人),65.3,64.3,62.5,63.2,61.5,60.7,60.1,59,58.4,58,57.2,56.7, , , , , , , , ,
154,和田地区:年末户籍人口(万人),225.8,215.5,212.3,207.6,195.6,191,188.4,185.8,182.5,177.2,174.4,171.8, , , , , , , , ,
155,哈密地区:年末户籍人口(万人),61.7,60.8,59.2,58.4,56.8,56.3,54.6,54.2,54,52.6,52.5,52, , , , , , , , ,
156,喀什地区:年末户籍人口(万人),448.8,422.8,415.1,410.2,387.3,377.5,369.4,376.3,369.4,361.5,350.1,348.8, , , , , , , , ,
157,图木舒克市:年末户籍人口(万人),16.4,16.4,16,16.1,15.3,15.2,14.8, , , , , , , , , , , , , ,
158,塔城地区:年末户籍人口(万人),105.2,106,104.8,104.5,102.3, ,99.5,97.9,96.7,96.6,95.3,93.7, , , , , , , , ,
159,巴音郭楞州:年末户籍人口(万人),139.9,140.4,137.5,136.6,129.3,125.4,122.4,118.9,117.1,114.9,112.7,108.9, , , , , , , , ,
160,昌吉州:年末户籍人口(万人),141.3,140.5,140.2,139.5,140.7, ,135.4,159.9,157.9,156.4,154.3,152.7, , , , , , , , ,
161,石河子市:年末户籍人口(万人),63.7,62.3,62,62.4,63.5,63.2,63.6,64.2,64.2,64.3,62.3,61.1, , , , , , , , ,
162,阿克苏地区:年末户籍人口(万人),253.1,245.8,239.7,239,230.5,225.4,220.3,231,226.5,222.8,219.3,214.4, , , , , , , , ,
163,阿勒泰地区:年末户籍人口(万人),67.6,67.1,66.3,66.9,65.8,65.2,64.5,63.8,63,62.3,61.3,60.2, , , , , , , , ,
164,阿拉尔市:年末户籍人口(万人),18.2,18.6,18.7,19.1,17.7,17.3,16.7, , , , , , , , , , , , , ,
165,南京市:常住人口(万人),821.6,818.8,816.1,810.9,800.8,771.3,758.9,741.3,719.1,612.6, , , , , , , , , , , 
166,南通市:常住人口(万人),729.8,729.8,729.7,728.9,728.2,713.4,714.8,718,724.9,751.3, , , , , , , , , , , 
167,宿迁市:常住人口(万人),484.3,481.9,479.8,476.6,472.3,472.5,474.7,481,488.7,506.2, , , , , , , , , , , 
168,常州市:常住人口(万人),469.6,469.2,468.7,465,459.3,445.2,440.7,435.2,425.7,377.6, , , , , , , , , , , 
169,徐州市:常住人口(万人),862.8,859.1,856.4,857.3,858.2,868.2,869.2,871.1,876.5,891.4, , , , , , , , , , , 
170,阳江市:常住人口(万人),250,248,247,244.5,242.5,237.2,236.5,235.9,234.2,232.1,230.9,227.3,224.9,222.6,217.2,148.3, , , , ,
171,无锡市:常住人口(万人),650,648.4,646.6,643.2,637.6,619.6,610.7,599.2,584.2,508.7, , , , , , , , , , , 
172,泰州市:常住人口(万人),463.9,463.4,463,462.6,462.1,466.6,463.6,458,463.5,478.6, , , , , , , , , , , 
173,淮安市:常住人口(万人),485.2,482.7,480.3,480.3,480.4,481.5,482.3,485.7,492.4,503.8, , , , , , , , , , , 
174,扬州市:常住人口(万人),447.8,447,446.7,446.3,446.1,449.6,447.1,446,445.9,458.9, , , , , , , , , , , 
175,苏州市:常住人口(万人),1060.4,1057.9,1054.9,1051.9,1046.9,937,912.7,882.1,809.9,679.2, , , , , , , , , , , 
176,连云港市:常住人口(万人),445.2,442.8,440.7,438.6,439.7,444.7,445.6,447,450.5,457, , , , , , , , , , , 
177,镇江市:常住人口(万人),317.1,316.5,315.5,313.4,311.5,306.9,304.1,301.9,299.6,284.5, , , , , , , , , , , 
178,上饶市:年末户籍人口(人),668.8,666.4,664.3,662.4,658.7,653.8,649,644.1,639.6,635.1,631.1,626.8, , , , , , , , ,
179,九江市:年末户籍人口(人),480.7,478.9,477.3,476.3,473.2,479,475.6,472.2,469.1,466.1,463.2,460.1, , , , , , , , ,
180,南昌市:年末户籍人口(人),524,518.4,513.2,508.9,505.3,464.9,461.5,458.1,454.5,451.6,448.5,445.4, , , , , , , , ,
181,吉安市:年末户籍人口(人),488.1,486.6,485.4,484.3,481.6,483,479.5,476,472.7,469.6,466.5,463.2, , , , , , , , ,
182,宜春市:年末户籍人口(人),549.3,547.8,546.5,545.3,542.3,548.4,544.5,540.6,537.4,533.8,530.4,526.8, , , , , , , , ,
183,抚州市:年末户籍人口(人),397.7,396.2,394.9,393.8,391.7,390.6,387.7,385.1,383.8,391.3,378.8,376.1, , , , , , , , ,
184,新余市:年末户籍人口(人),116.1,115.6,115.1,114.7,114,114,113.3,112.6,111.9,111.6,111,110.3, , , , , , , , ,
185,景德镇市:年末户籍人口(人),163,161.9,161,159.9,158.9,157.7,156.5,155.4,154.5,153.8,152.8,151.8, , , , , , , , ,
186,萍乡市:年末户籍人口(人),189,188.2,187.4,186.8,185.6,186.4,185.2,184,182.9,182.1,181.1,180, , , , , , , , ,
187,赣州市:年末户籍人口(人),850.7,847.8,845.2,842.8,838.2,842.9,836.7,830.1,824,817.9,812.6,806.9, , , , , , , , ,
188,鹰潭市:年末户籍人口(人),114.8,114.2,113.8,113.4,112.6,111.5,110.7,110.3,108.5,108.2,107.6,106.8, , , , , , , , ,
189,保定市:常住人口(万人),1149,1141.6,1135.1,1127.2,1120.8,1101.7,1092.4,1085.5,1080,1073,1088.3,1077,1070, , , , , , , ,
190,唐山市:常住人口(万人),776.8,770.8,766.9,762.7,758.2,746.8,743.3,738.9,733,726,710.1,706,703, , , , , , , ,
191,廊坊市:常住人口(万人),452.2,446.8,443.9,440,436.4,412.2,410.3,406.2,400,396,389.8,387,384, , , , , , , ,
192,张家口市:常住人口(万人),442.1,441.3,439.4,437.4,434.9,423.5,421.2,419.7,418,418,449.8,450,451, , , , , , , ,
193,承德市:常住人口(万人),352.7,351.5,350.6,348.9,347.6,344.2,340.7,338.7,337,337,360.8,359,358, , , , , , , ,
194,沧州市:常住人口(万人),737.5,731,724.4,719.8,714.3,702.9,697.8,692.9,689,684,679.4,680,677, , , , , , , ,
195,石家庄市:常住人口(万人),1061.6,1050,1038.6,1028,1017.5,988.1,984.6,978.1,970,961,917.6,911,904, , , , , , , ,
196,秦皇岛市:常住人口(万人),306.5,304.5,302.2,300.6,299,297.8,295.7,293,290,288,275.8,273,270, , , , , , , ,
197,衡水市:常住人口(万人),442.3,440.9,438.9,436.4,434.6,430.5,428,426,424,422,414.3,413,411, , , , , , , ,
198,邢台市:常住人口(万人),725.6,721.7,718.9,715.6,711.4,698.9,693.3,688.4,684,680,672,667,664, , , , , , , ,
199,邯郸市:常住人口(万人),937.4,932.5,928.6,923.9,918.8,887.9,881.6,875.9,872,866,863.4,857,850, , , , , , , ,
200,三门峡市:常住人口(万人),224.7,224,223.2,224.1,223.4,223,222,221.4,225.5,, , , , , , , , , , , 
201,信阳市:常住人口(万人),640.8,638,639.8,610.8,610.1,679.3,668.6,663.4,663.1,, , , , , , , , , , , 
202,南阳市:常住人口(万人),998.9,1009,1014.9,1012.9,1027.2,1013.4,1004.2,995.4,997.2,, , , , , , , , , , , 
203,周口市:常住人口(万人),880.5,878,880.7,895.2,893.9,1004,996.9,990.1,993.6,, , , , , , , , , , , 
204,商丘市:常住人口(万人),725.8,728,732.2,736.4,735.4,781,776.5,763.9,765.3,, , , , , , , , , , , 
205,安阳市:常住人口(万人),508.8,509,508.3,515,517.2,521.6,521.4,518.6,522,, , , , , , , , , , , 
206,平顶山市:常住人口(万人),496,496,492.9,491.8,490.5,490.3,486.9,483.8,483.7,, , , , , , , , , , , 
207,开封市:常住人口(万人),454.9,465,465.3,466,467.7,471.2,469.4,467.8,469.3,, , , , , , , , , , , 
208,新乡市:常住人口(万人),570.8,568,566.9,565.9,571.1,551.7,551.3,551.6,554.7,, , , , , , , , , , , 
209,洛阳市:常住人口(万人),667.8,662,659,656.7,655.4,642.2,642,634.2,636,, , , , , , , , , , , 
210,漯河市:常住人口(万人),260.1,258,255.8,255,254.9,249.7,248.1,246.9,249.8,, , , , , , , , , , , 
211,濮阳市:常住人口(万人),360.1,358,359.8,356,360,351.8,349.9,349.3,353.4,, , , , , , , , , , , 
212,焦作市:常住人口(万人),352.3,351,352,352.7,354.3,342.4,340.8,338.9,339.7,, , , , , , , , , , , 
213,许昌市:常住人口(万人),431.5,430,429.6,429.6,431,431.3,430.9,428.9,427.9,, , , , , , , , , , , 
214,郑州市:常住人口(万人),937.8,919,903,885.7,866.1,752,743.6,735.6,724.2,, , , , , , , , , , , 
215,驻马店市:常住人口(万人),693.3,690,693.7,708.5,722.6,770.3,768.5,764.1,776.6,, , , , , , , , , , , 
216,鹤壁市:常住人口(万人),159.8,161,158.8,158,157.2,143.7,142.6,141.9,144,, , , , , , , , , , , 
217,丽水市:年末总人口(万人),265.7,263.9,262.6,261.3,259.7,257.4,255.4,254,252.5,251.4,250.7,249.4, , , , , , , , ,
218,台州市:年末总人口(万人),597.1,594,591,586.8,583.1,578.5,574.1,569.4,564.7,559.9,555.9,552.6, , , , , , , , ,
219,嘉兴市:年末总人口(万人),348.1,345.9,344.5,343.1,341.6,339.6,338.1,336.8,335.6,334.3,333.9,333, , , , , , , , ,
220,宁波市:年末总人口(万人),583.8,580.2,577.7,576.4,574.1,571,568.1,564.6,560.5,556.7,552.7,549.1, , , , , , , , ,
221,杭州市:年末总人口(万人),715.8,706.6,700.5,695.7,689.1,683.4,677.6,672.4,666.3,660.5,651.7,642.8, , , , , , , , ,
222,温州市:年末总人口(万人),813.7,807.2,800.2,798.4,786.8,779.1,772,764.6,756.5,750.3,746.2,742.3, , , , , , , , ,
223,湖州市:年末总人口(万人),263.8,262.5,261.4,261.1,260,259.2,258.5,257.8,257.9,257.6,257.2,256.8, , , , , , , , ,
224,绍兴市:年末总人口(万人),443,441.7,440.8,440,438.9,437.7,437.1,436.2,435.5,435.1,434.7,433.8, , , , , , , , ,
225,舟山市:年末总人口(万人),97.5,97.3,97.2,97,96.8,96.8,96.8,96.7,96.6,96.7,96.9,97.1, , , , , , , , ,
226,衢州市:年末总人口(万人),255.7,254.2,252.8,252.6,251.2,249.9,248.9,247.7,246.7,245.6,245.6,244.8, , , , , , , , ,
227,金华市:年末总人口(万人),475.1,473.4,470.6,469.1,466.7,463.7,461.4,459.2,456.8,454.1,451.7,449.9, , , , , , , , ,
228,万宁市:户籍人口(人),63.8,64.4,63.4,62.4,61.4,61.3,60.1,59.1,58.3,57.5,56.7,56.3,56,55.5,55.3,55.2,54.6,,,,
229,三亚市:户籍人口(人),57.8,58.6,57.7,57.2,58.1,57,55.7,54.6,53.5,52.4,51.2,50.8,50.4,49.6,48.6,47.5,46.2,,,,
230,东方市:户籍人口(人),44.4,46.1,45.9,45.6,44.9,44.3,43.5,42.7,41.9,40.3,39.3,38.7,38.2,37.8,37,36.5,35.4,,,,
231,临高县:户籍人口(人),52.1,51.5,51.2,50.7,50,49.1,48.4,47.3,46.7,44.6,42.8,42.9,41.6,41.2,40.9,40.7,39.9,,,,
232,乐东县:户籍人口(人),53,54.6,54.5,54.3,54.3,53.8,52.6,51.6,50.2,49.3,49,48.3,46.9,46.2,45.7,45.4,46.9,,,,
233,五指山市:户籍人口(人),11,11.3,11.3,11.3,11.3,11.4,11.4,11.4,11.3,11.1,11.2,11,10.9,10.8,10.7, , ,,,,
234,保亭县:户籍人口(人),17.1,17.4,17.2,17.3,17.4,17,16.9,16.7,16.5,16.3,16,16,15.8,15.7,15.7,15.6,15.6,,,,
235,儋州市:户籍人口(人),104.5,96.4,103.7,102.9,109.2,106.9,105.5,103.1,100.9,98.9,98.2,94.1,90.1,88.6,87.6,86.6,83,,,,
236,定安县:户籍人口(人),34,34.3,34.1,33.9,34.1,33.9,33.3,32.8,32.4,31.8,31.6,31.4,31.2,31.1,31,30.9,30.5,,,,
237,屯昌县:户籍人口(人),30.9,31,31.4,30.8,30.7,30.2,29.5,28.9,28.6,28.1,27.3,27.2,26.9,26.7,26.6,26.4,25,,,,
238,文昌市:户籍人口(人),59.4,59.9,59.7,59.3,59.4,58.5,57.7,57.1,56,55,54,54.3,54.1,53.9,53.8,53.4,53,,,,
239,昌江县:户籍人口(人),25.4,26.2,26.4,26.4,26.7,26.5,26,25.5,24.7,24.3,24.1,23.4,23.2,22.8,22.7,22.6,22.5,,,,
240,海口市:户籍人口(人),164.8,163.4,163.2,161.6,162.4,160.4,158.3,155.8,152.9,150.9,147.3,143.1,139.2,64.1,60.2,57.3,54.4,,,,
241,澄迈县:户籍人口(人),57.8,58,57,56.8,56.5,55.9,53.7,52.9,51.7,51.1,50.8,50,48.8,48.5,48.6,48.3,46.1,,,,
242,琼中县:户籍人口(人),22.6,23.4,23.4,23.3,23.2,22.9,21.8,21.7,21.6,21.3,20.9,20.6,20.4,20.3,20.1,20.1,19.7,,,,
243,琼海市:户籍人口(人),50.9,51,50.7,50.2,50.2,49.6,48.8,48.2,47.6,47,46.3,45.9,45.4,45.2,45.1,44.8,44.3,,,,
244,白沙县:户籍人口(人),19.5,19.4,19.5,19.8,20.3,20.3,19.9,19.6,19.1,18.8,18.6,18.5,18.2,18,17.9,17.7,17.6,,,,
245,陵水县:户籍人口(人),38.6,39,38.6,38.2,37.7,37,36.4,35.8,35.2,34.6,33.7,33.5,33,32.8,32.6,32.4,31.9,,,,
246,仙桃市:年末常住人口(万人),116.6,118.5,118.5,118.3,117.5,123.3,135.3,136.4,137.4, , , , , , , , , , , ,
247,十堰市:年末常住人口(万人),337.3,336.7,335.7,334.8,334.1,324.1,323.5,322.8,323.7,, , , , , , , , , , , 
248,咸宁市:年末常住人口(万人),248.9,248.5,247.5,246.8,246.3,251.6,251.2,250.6,251.5,, , , , , , , , , , , 
249,天门市:年末常住人口(万人),129.2,128.9,133.9,136.9,141.9,137.1,136.9,137.6,139.5, , , , , , , , , , , ,
250,孝感市:年末常住人口(万人),486.1,485.3,483.3,482.5,481.5,468.4,467.6,466.5,466.6,, , , , , , , , , , , 
251,宜昌市:年末常住人口(万人),410.5,409.8,408.8,406.9,406,404.6,403.9,403,403.6,, , , , , , , , , , , 
252,恩施州:年末常住人口(万人),331.8,331.2,330.6,329.7,329,349.1,348.5,347.7,349,, , , , , , , , , , , 
253,武汉市:年末常住人口(万人),1033.8,1022,1012,1002,978.5,910,897,891,875,, , , , , , , , , , , 
254,潜江市:年末常住人口(万人),95.4,95.2,95,94.8,94.6,93.8,93.6,93.9,94.2, , , , , , , , , , , ,
255,神农架林区:年末常住人口(万人),7.7,7.7,7.7,7.6,7.6,7.5,7.5,7.4,7.2, , , , , , , , , , , ,
256,荆州市:年末常住人口(万人),574.4,573.9,571.9,570.4,569.2,585.4,584.4,584.1,586.1,, , , , , , , , , , , 
257,荆门市:年末常住人口(万人),288.9,288.7,288.5,288,287.4,285,284.5,283.9,283.8,, , , , , , , , , , , 
258,襄阳市:年末常住人口(万人),560,559.1,555.1,552.7,550,544.6,543.7,542.5,543.6,, , , , , , , , , , , 
259,鄂州市:年末常住人口(万人),105.9,105.7,105.4,105.1,104.9,103.5,103.3,103.1,102.9,, , , , , , , , , , , 
260,随州市:年末常住人口(万人),218.4,218,217.8,217,216.2,220.8,220.4,219.9,221.2,, , , , , , , , , , , 
261,黄冈市:年末常住人口(万人),626.3,625.2,623.2,621,616.2,668.6,667.5,666.7,668.7,, , , , , , , , , , , 
262,黄石市:年末常住人口(万人),244.9,244.5,244.1,243.5,242.9,242.6,242.2,241.9,239,, , , , , , , , , , , 
263,娄底市:年末常住人口(万人),385.3,383.4,381,379.3,378.5,420.5,418.4,416.1,412,407.6,405.1,403.9,402.2,399.9, , , , , , ,
264,岳阳市:年末常住人口(万人),559.5,555.9,552,548.5,547.6,548.3,545.4,542.9,540.3,536.9,529.4,527.8,525.5,523.7, , , , , , ,
265,常德市:年末常住人口(万人),583.1,580.5,576,573.3,571.5,616.7,611.5,609.6,608.5,608.3,601.1,600.2,598.2,596, , , , , , ,
266,张家界市:年末常住人口(万人),151.9,151.2,150,149,147.8,165.3,164,162.4,161.5,160.1,157.3,157.4,156.8,156.3, , , , , , ,
267,怀化市:年末常住人口(万人),487,482.5,478,475.1,474.2,508.9,504.6,502.3,500,498.4,495.3,492.9,489.8,486.6, , , , , , ,
268,株洲市:年末常住人口(万人),396.1,393.5,391,388.1,385.7,382.8,381.2,379.9,379,378,373.8,373.6,373,372.1, , , , , , ,
269,永州市:年末常住人口(万人),538.7,532.7,526,521.3,519.5,586.7,583.2,580.2,577.5,574.9,571.8,570.6,568.1,566.5, , , , , , ,
270,湘潭市:年末常住人口(万人),281.3,280,278,276.5,275.2,295.3,294,292.7,291.6,290.6,282.8,282,281.2,280.5, , , , , , ,
271,湘西州:年末常住人口(万人),262.1,260,258,256.3,255,275.8,273.9,272.1,270,268.3,266.6,265.6,264.6,262.4, , , , , , ,
272,益阳市:年末常住人口(万人),439.2,437.3,434,431.4,430.8,470.6,467.7,465.3,463,460.6,458.6,456.5,454.7,453.2, , , , , , ,
273,衡阳市:年末常住人口(万人),730.3,725,720,716.6,714.8,739.8,731.1,728.9,726.5,722.6,719,713.9,709.7,708.9, , , , , , ,
274,邵阳市:年末常住人口(万人),721.9,720,717,710.7,707.2,764.1,754.1,749.6,746.4,744,739.7,732.4,728.6,726.9, , , , , , ,
275,郴州市:年末常住人口(万人),469.8,466.5,463,460.5,458.4,473.9,471,466.4,463,460.9,457.7,455.3,458.2,455.5, , , , , , ,
276,长沙市:年末常住人口(万人),731.2,722.1,715,709.1,704.1,651.6,645.1,637.4,628.8,620.9,610.4,601.8,595.5,587.1, , , , , , ,
277,临夏州:年末常住人口(万人),200.4,198.9,197.6,196.3,194.7,196.1,195.4,194.3, , , , , , , , , , , , ,
278,兰州市:年末常住人口(万人),366.5,364.2,363.1,362.1,361.6,332.2,331,329.4, , , , , , , , , , , , ,
279,嘉峪关市:年末常住人口(万人),24.1,23.6,23.4,23.3,23.2,21.1,21,20.5, , , , , , , , , , , , ,
280,天水市:年末常住人口(万人),330.3,329.3,328.2,327.5,326.3,343.1,342.6,341.3, , , , , , , , , , , , ,
281,定西市:年末常住人口(万人),277.2,277.1,276.9,270.5,269.9,294.1,293.5,293.1, , , , , , , , , , , , ,
282,平凉市:年末常住人口(万人),209.2,208.7,208.2,207.7,206.8,220.2,219.6,219, , , , , , , , , , , , ,
283,庆阳市:年末常住人口(万人),222.4,222.3,221.8,221.5,221.1,252.7,252.2,251.3, , , , , , , , , , , , ,
284,张掖市:年末常住人口(万人),121.3,121.1,120.8,120.5,120,128.8,128.2,127.6, , , , , , , , , , , , ,
285,武威市:年末常住人口(万人),181.4,181,182.2,182,181.5,191.8,191.1,190.2, , , , , , , , , , , , ,
286,甘南州:年末常住人口(万人),70.2,69.8,69.3,68.9,68.9,68.1,68,68, , , , , , , , , , , , ,
287,白银市:年末常住人口(万人),170.8,171.2,171.9,171.3,170.9,175.7,175.1,175, , , , , , , , , , , , ,
288,酒泉市:年末常住人口(万人),111.2,110.8,110.4,110.1,109.6,101.9,101.3,99, , , , , , , , , , , , ,
289,金昌市:年末常住人口(万人),47,46.9,46.7,46.6,46.4,47.6,47.3,47, , , , , , , , , , , , ,
290,陇南市:年末常住人口(万人),258.7,257.5,257,256.1,256.8,262.2,261.8,261.4, , , , , , , , , , , , ,
291,三明市:常住人口(万人),251,251,250,251,250.3,264,263,262,264,264, , , , , , , , , , , 
292,南平市:常住人口(万人),262,262,263,265,264.6,290,289,288,288,288, , , , , , , , , , , 
293,厦门市:常住人口(万人),381,373,367,361,353.1,252,249,243,233,225, , , , , , , , , , , 
294,宁德市:常住人口(万人),285,284,284,283,282.2,304,303,305,304,305, , , , , , , , , , , 
295,泉州市:常住人口(万人),844,836,829,821,812.9,786,779,774,769,762, , , , , , , , , , , 
296,漳州市:常住人口(万人),496,493,490,484,481,480,477,474,472,470, , , , , , , , , , , 
297,福州市:常住人口(万人),743,734,727,720,711.5,687,683,676,671,666, , , , , , , , , , , 
298,莆田市:常住人口(万人),285,283,281,279,277.9,286,284,283,282,281, , , , , , , , , , , 
299,龙岩市:常住人口(万人),259,258,257,256,256,278,277,276,275,274, , , , , , , , , , , 
300,山南地区,,,,,,,,,,,,,,,,,,,,,
301,拉萨市:年末总人口(万人),52.7,60.1,50,57.6,48.5,51.5,47.7,62.2,45.3,44.9,43.9,42.1,41,40.7,40.4,39.8,39.6, ,38.9, ,
302,日客则地区,,,,,,,,,,,,,,,,,,,,,
303,昌都地区,,,,,,,,,,,,,,,,,,,,,
304,林芝地区,,,,,,,,,,,,,,,,,,,,,
305,那曲地区,,,,,,,,,,,,,,,,,,,,,
306,阿里地区,,,,,,,,,,,,,,,,,,,,,
307,六盘水市:常住人口(万人),288.2,287.5,285.9,285,285.4,288,290.5,290.6,292.7,293.3, , , , , , , , , , , 
308,安顺市:常住人口(万人),230.8,230.1,228.3,228,230,235.1,240.3,243.7,248.6,252.3, , , , , , , , , , , 
309,毕节市:常住人口(万人),654.1,653.8,652.4,652,654.6,664.1,673.6,676.7,685.4,688.8, , , , , , , , , , , 
310,贵阳市:常住人口(万人),455.6,452.2,445.2,439,432.9,423.1,413.4,405.3,396.7,388.1, , , , , , , , , , , 
311,遵义市:常住人口(万人),615.5,614.3,611.7,610,613.3,627.4,641.6,654,667.9,679.6, , , , , , , , , , , 
312,铜仁市:常住人口(万人),311.7,310.4,309.4,308,309.6,321.6,333.8,341.7,354.2,364.8, , , , , , , , , , , 
313,黔东南州:常住人口(万人),347.8,348.3,347.3,346,348.5,358.8,369.2,377.2,387.5,395.7, , , , , , , , , , , 
314,黔南州:常住人口(万人),323.3,323.5,322.6,321,323.5,333.3,343.3,351.1,361.1,369.3, , , , , , , , , , , 
315,黔西南州:常住人口(万人),281.1,282.2,281.2,280,281,285.7,290.4,291.7,296.1,298.2, , , , , , , , , , , 
316,丹东市:年末总人口(万人),239.5,239.6,240.5,241.1,241.4,242.6,242.7,242.9,242.5,242.4,241,241.2,241.3,241,241,240.5, , , , ,
317,大连市:年末总人口(万人),594.3,591.4,590.3,588.5,586.4,584.8,583.4,578.2,572.1,565.3,561.6,560.2,557.9,554.6,551.5,545.3, , , , ,
318,抚顺市:年末总人口(万人),217.4,218,219.3,220.1,220.9,222.6,223.2,223.7,223.9,224.4,224.9,225.5,226.1,226.2,227,226.9, , , , ,
319,朝阳市:年末总人口(万人),340.6,339.5,340.6,341,339.2,342.6,340.9,340.2,340.1,338.7,336.9,336.5,335.2,334.6,334.2,332.2, , , , ,
320,本溪市:年末总人口(万人),152,152.3,153.2,154.3,154.6,155.5,155.7,156,156.2,156.4,156.6,156.6,156.6,156.5,157.1,156.7, , , , ,
321,沈阳市:年末总人口(万人),730.8,727.1,724.8,722.7,719.6,716.5,713.5,709.8,703.6,698.6,693.9,689.1,688.9,689.3,685.1,677.1, , , , ,
322,盘锦市:年末总人口(万人),129.2,129,128.8,131.2,131.3,130,129.2,128.2,127.1,125.9,124.8,124.4,123.9,122.9,122.1,120.8, , , , ,
323,营口市:年末总人口(万人),233.3,232.5,235.1,235.5,235.5,235,233.8,232.5,231.1,230.5,229.9,229.2,228.4,227.4,226.2,224.3, , , , ,
324,葫芦岛市:年末总人口(万人),280.7,279.9,280,281.3,281.8,282.3,280.4,278.7,275.7,273.7,273,271.4,270.9,269.8,268.6,266.2, , , , ,
325,辽阳市:年末总人口(万人),179.9,180,180.3,182.4,183.4,183.5,183.4,183.4,182.5,182,182.4,182.4,182.1,181.8,181.3,179.2, , , , ,
326,铁岭市:年末总人口(万人),302,301.9,302.2,304.9,305.1,306.1,305.9,305.4,304.5,302.6,300.4,299.4,299.3,298.9,298.5,297, , , , ,
327,锦州市:年末总人口(万人),305.3,305.9,307.8,308.3,308.3,310.2,310.1,309.4,309.2,308.3,307.8,307.5,307.1,307.2,306.4,305.4, , , , ,
328,阜新市:年末总人口(万人),191,191.1,191.6,192.1,192.4,192.3,192.5,193.1,193,192.7,192.8,193,193,192.6,192.1,191.4, , , , ,
329,鞍山市:年末总人口(万人),348.2,349.8,350.3,351.6,351.8,352,351.4,350.2,349,347.6,346.9,345.3,344.7,344.2,344.2,340.3, , , , ,
330,重庆:常住人口(万人),2991.4,2970,2945,2919,2884.6,2859,2839,2816,2808,2798,2793.3,2803.2,2814.8,2829.2,2848.8,2860.4,2870.8,2873.4,2875.3, ,
331,咸阳市:年末常住人口(万人),495.7,494.2,492.9,491.2,489.8,488.1,500.7,499.7,497.4,498.1, , , , , , , , , , , 
332,商洛市:年末常住人口(万人),235.1,234.6,234.2,233.6,234.3,234.6,239,238.5,237.7,237.9, , , , , , , , , , , 
333,安康市:年末常住人口(万人),264.2,263.8,263.4,263.1,263.1,263.2,265.7,265.3,265,264.8, , , , , , , , , , , 
334,宝鸡市:年末常住人口(万人),375.3,374.5,373.7,372.7,371.9,371.1,376.3,375.7,375.9,376.4, , , , , , , , , , , 
335,延安市:年末常住人口(万人),221.4,220.6,219.8,219.4,218.9,217.1,214.5,213.5,212,211.9, , , , , , , , , , , 
336,榆林市:年末常住人口(万人),338.4,337,335.7,335.2,335.4,334.6,334,332.8,330.3,329.9, , , , , , , , , , , 
337,汉中市:年末常住人口(万人),343.2,342.5,341.8,341.5,341.8,342.1,351.3,350.5,349.6,348.5, , , , , , , , , , , 
338,渭南市:年末常住人口(万人),534.3,533.2,532.1,530.5,529,529,543.1,542,545.7,547.1, , , , , , , , , , , 
339,西安市:年末常住人口(万人),862.8,858.8,855.3,851.3,847.4,843.5,837.5,830.5,822.5,806.8, , , , , , , , , , , 
340,铜川市:年末常住人口(万人),84.5,84.3,84.1,83.8,83.5,83.3,83.9,83.6,83.2,83, , , , , , , , , , , 
341,果洛州:年末户籍人口(人),19.4,19.3,18.9,17.8,17.4,16.6,16,15.5,15,14.9,14.5,13.9,13.5,13.4,13.3, , , , , ,
342,海东地区:年末户籍人口(人),172.4,170.3,167.8,164.9,161.8,161.4,157.5,155.4,151,149.2,148.5,148.2,148.8,148.8,148.4, , , , , ,
343,海北州:年末户籍人口(人),29.7,29.3,29,28.5,28.3,28,27.8,27.6,27.4,27.2,27,26.8,26.6,26.3,26.2, , , , , ,
344,海南州:年末户籍人口(人),47.1,46.3,45.7,45.1,44.7,44,42.7,41.5,40.6,39.8,39.5,39.4,39.1,38.9,38.9, , , , , ,
345,海西州:年末户籍人口(人),41.2,40.8,40.3,39.6,39.1,38.6,38.1,37.4,36.8,36.2,36,34,33.5,33,32.7, , , , , ,
346,玉树州:年末户籍人口(人),40.5,39.5,39.2,38.5,37.3,35.7,33.2,31.1,30.3,29.7,28.3,27.5,26.3,25.9,25.7, , , , , ,
347,西宁市:年末户籍人口(人),202.6,200.3,198.5,197.4,196,193.9,192.4,190,186.8,184.8,183.2,181,178.4,176.4,174.6, , , , , ,
348,黄南州:河南县:年末户籍人口(人),4,3.9,3.8,3.7,3.7,3.6,3.5,3.4,3.4,3.3,3.2,3.2,3,3,3, , , , , ,
349,七台河市:年末总人口(万人),88.2,92,92.4,92.7,92.9,92.8,90.2,89.5,89.1,88.4,88.2,87.4,86.3,86.6,86.3, , , , , ,
350,伊春市:年末总人口(万人),122.9,123.2,124.1,126.3,127,127.3,127.6,127.6,127.7,128.8,129.6,130.4,131.9,132.2,132.5, , , , , ,
351,佳木斯市:年末总人口(万人),232.9,242.1,239.4,250.5,252.7,253,251.7,250.5,248.2,245,247.3,244.7,243.6,240.7,239.3, , , , , ,
352,双鸭山市:年末总人口(万人),149,149.8,150.4,151.2,151.6,150.8,150.5,150.4,150,150.2,151.2,150.8,150.9,150.1,150, , , , , ,
353,哈尔滨市:年末总人口(万人),987.3,995.2,993.5,993.3,992,991.6,990.1,987.4,980.4,974.8,970.2,954.3,948.3,941.1,934.6, , , , , ,
354,大兴安岭地区:年末总人口(万人),49.9,50.8,51.1,51.6,52,52.6,52.9,53,53.3,53.5,53.7,52.8,53.1,52.9,53.6, , , , , ,
355,大庆市:年末总人口(万人),278,282.6,281.7,281.6,279.8,280.2,277.2,273.4,269.3,266.4,262.2,257.9,254.6,252.1,250.6, , , , , ,
356,牡丹江市:年末总人口(万人),256.6,265.1,259.6,267.2,268.9,270.6,269.9,269.8,268.2,266.3,270.4,270,271,271.2,269.3, , , , , ,
357,绥化市:年末总人口(万人),553.2,555.7,577,581.9,586.2,580.2,577.2,575.9,568.9,561.8,557.8,555.5,550.6,547.8,543.6, , , , , ,
358,鸡西市:年末总人口(万人),183.6,186.6,185.9,188.9,189.2,190.7,190.8,191.1,190.8,191.4,194.1,194.5,196,196.4,196, , , , , ,
359,鹤岗市:年末总人口(万人),107,107.8,108.5,108.8,109.1,109.4,109.4,109.3,109.3,109.9,109.8,110.6,110.9,111.3,111.2, , , , , ,
360,黑河市:年末总人口(万人),169.7,171.5,172.8,173.1,173.3,174.2,173.9,174,173.5,174.6,174.1,173.6,173.8,172.9,171.4, , , , , ,
361,齐齐哈尔市:年末总人口(万人),553.2,557,559.1,567.4,568.1,571.6,569.2,567.8,563.2,557,552,541.1,561.1,560.1,559.6, , , , , ,
362,南沙区,,,,,,,,,,,,,,,,,,,,,
363,,,,,,,,,,,,,,,,,,,,,,
364,,,,,,,,,,,,,,,,,,,,,,
365,,,,,,,,,,,,,,,,,,,,,,
